Date;Open;High;Low;Close
2012-02-24;519.67;522.9;518.64;522.41
2012-02-23;515.08;517.83;509.5;516.39
2012-02-22;513.08;515.49;509.07;513.04
2012-02-21;506.88;514.85;504.12;514.85
2012-02-17;503.11;507.77;500.3;502.12
2012-02-16;491.5;504.89;486.63;502.21
2012-02-15;514.26;526.29;496.89;497.67
2012-02-14;504.66;509.56;502;509.46
2012-02-13;499.53;503.83;497.09;502.6
2012-02-10;490.96;497.62;488.55;493.42
2012-02-09;480.76;496.75;480.56;493.17
2012-02-08;470.5;476.79;469.7;476.68
2012-02-07;465.25;469.75;464.58;468.83
2012-02-06;458.38;464.98;458.2;463.97
2012-02-03;457.3;460;455.56;459.68
2012-02-02;455.9;457.17;453.98;455.12
2012-02-01;458.41;458.99;455.55;456.19
2012-01-31;455.59;458.24;453.07;456.48
2012-01-30;445.71;453.9;445.39;453.01
2012-01-27;444.34;448.48;443.77;447.28
2012-01-26;448.36;448.79;443.14;444.63
2012-01-25;454.44;454.45;443.73;446.66
2012-01-24;425.1;425.1;419.55;420.41
2012-01-23;422.67;428.45;422.3;427.41
2012-01-20;427.49;427.5;419.75;420.3
2012-01-19;430.15;431.37;426.51;427.75
2012-01-18;426.96;429.47;426.3;429.11
2012-01-17;424.2;425.99;422.96;424.7
2012-01-13;419.7;420.45;418.66;419.81
2012-01-12;422.28;422.9;418.75;421.39
2012-01-11;422.68;422.85;419.31;422.55
2012-01-10;425.91;426;421.5;423.24
2012-01-09;425.5;427.75;421.35;421.73
2012-01-06;419.77;422.75;419.22;422.4
2012-01-05;414.95;418.55;412.67;418.03
2012-01-04;410;414.68;409.28;413.44
2012-01-03;409.4;412.5;409;411.23
2011-12-30;403.51;406.28;403.49;405
2011-12-29;403.4;405.65;400.51;405.12
2011-12-28;406.89;408.25;401.34;402.64
2011-12-27;403.1;409.09;403.02;406.53
2011-12-23;399.69;403.59;399.49;403.33
2011-12-22;397;399.13;396.1;398.55
2011-12-21;396.69;397.3;392.01;396.45
2011-12-20;387.76;396.1;387.26;395.95
2011-12-19;382.47;384.85;380.48;382.21
2011-12-16;380.36;384.15;379.57;381.02
2011-12-15;383.33;383.74;378.31;378.94
2011-12-14;386.7;387.38;377.68;380.19
2011-12-13;393;395.4;387.1;388.81
2011-12-12;391.68;393.9;389.45;391.84
2011-12-09;392.85;394.04;391.03;393.62
2011-12-08;391.45;395.5;390.23;390.66
2011-12-07;389.93;390.94;386.76;389.09
2011-12-06;392.51;394.63;389.38;390.95
2011-12-05;393.49;396.41;390.39;393.01
2011-12-02;389.83;393.63;388.58;389.7
2011-12-01;382.54;389;380.75;387.93
2011-11-30;381.29;382.28;378.3;382.2
2011-11-29;375.84;378.83;370.2;373.2
2011-11-28;372.35;376.72;370.33;376.12
2011-11-25;368.42;371.15;363.32;363.57
2011-11-23;374.51;375.84;366.88;366.99
2011-11-22;371.02;377.93;370.94;376.51
2011-11-21;370.4;371.68;365.91;369.01
2011-11-18;378.92;379.99;374.88;374.94
2011-11-17;383.98;384.58;375.5;377.41
2011-11-16;389.25;391.14;384.32;384.77
2011-11-15;380.8;389.5;379.45;388.83
2011-11-14;383.52;385.25;378.2;379.26
2011-11-11;386.61;388.7;380.26;384.62
2011-11-10;397.03;397.21;382.15;385.22
2011-11-09;396.97;400.89;394.23;395.28
2011-11-08;402.21;408;401.56;406.23
2011-11-07;399.91;400;396.13;399.73
2011-11-04;402.03;403.44;399.16;400.24
2011-11-03;399.07;403.4;395.36;403.07
2011-11-02;400.09;400.44;395.11;397.41
2011-11-01;397.41;399.5;393.22;396.51
2011-10-31;402.42;409.33;401.05;404.78
2011-10-28;403;406.35;402.51;404.95
2011-10-27;407.56;409;401.89;404.69
2011-10-26;401.76;402.55;393.15;400.6
2011-10-25;405.03;406.55;397.38;397.77
2011-10-24;396.18;406.5;395.4;405.77
2011-10-21;398.1;399.14;390.75;392.87
2011-10-20;400;400.35;394.21;395.31
2011-10-19;401.35;408.42;397.8;398.62
2011-10-18;421.76;424.81;415.99;422.24
2011-10-17;421.74;426.7;415.94;419.99
2011-10-14;416.83;422;415.27;422
2011-10-13;404.98;408.43;402.85;408.43
2011-10-12;407.34;409.25;400.14;402.19
2011-10-11;392.57;403.18;391.5;400.29
2011-10-10;379.09;388.81;378.21;388.81
2011-10-07;375.78;377.74;368.49;369.8
2011-10-06;373.33;384.78;371.8;377.37
2011-10-05;367.86;379.82;360.3;378.25
2011-10-04;374.57;381.8;354.24;372.5
2011-10-03;380.37;382.64;373.17;374.6
2011-09-30;387.12;388.89;381.18;381.32
2011-09-29;401.92;402.21;386.21;390.57
2011-09-28;400.19;403.74;396.51;397.01
2011-09-27;408.73;409.25;398.06;399.26
2011-09-26;399.86;403.98;391.3;403.17
2011-09-23;400.28;406.74;399.85;404.3
2011-09-22;401.03;409.82;396.7;401.82
2011-09-21;419.64;421.59;412;412.14
2011-09-20;415.25;422.86;411.19;413.45
2011-09-19;397;413.23;395.2;411.63
2011-09-16;395.54;400.5;395.03;400.5
2011-09-15;391.43;393.66;389.9;392.96
2011-09-14;387.02;392.21;385.76;389.3
2011-09-13;382.14;386.21;380.25;384.62
2011-09-12;373;380.88;371.9;379.94
2011-09-09;383.93;386;375.02;377.48
2011-09-08;382.4;388.61;382.31;384.14
2011-09-07;385.56;385.6;382;383.93
2011-09-06;367.37;380.33;366.48;379.74
2011-09-02;374.74;378;371.83;374.05
2011-09-01;385.82;387.34;380.72;381.03
2011-08-31;390.57;392.08;381.86;384.83
2011-08-30;388.25;391.84;386.21;389.99
2011-08-29;388.18;391.5;388;389.97
2011-08-26;371.17;383.8;370.8;383.58
2011-08-25;365.08;375.45;365;373.72
2011-08-24;373.47;378.96;370.6;376.18
2011-08-23;360.3;373.64;357;373.6
2011-08-22;364.51;364.88;355.09;356.44
2011-08-19;362.17;367;356;356.03
2011-08-18;370.84;372.65;361.37;366.05
2011-08-17;382.31;384.52;378;380.44
2011-08-16;381.52;383.37;376.06;380.48
2011-08-15;379.63;384.97;378.09;383.41
2011-08-12;378.07;379.64;374.23;376.99
2011-08-11;370.52;375.45;364.72;373.7
2011-08-10;371.15;374.65;362.5;363.69
2011-08-09;361.3;374.61;355;374.01
2011-08-08;361.69;367.77;353.02;353.21
2011-08-05;380.44;383.5;362.57;373.62
2011-08-04;389.41;391.32;377.35;377.37
2011-08-03;390.98;393.55;382.24;392.57
2011-08-02;397.65;397.9;388.35;388.91
2011-08-01;397.78;399.5;392.37;396.75
2011-07-29;387.64;395.15;384;390.48
2011-07-28;391.62;396.99;388.13;391.82
2011-07-27;400.59;402.64;392.15;392.59
2011-07-26;400;404.5;399.68;403.41
2011-07-25;390.35;400;389.62;398.5
2011-07-22;388.32;395.05;387.75;393.3
2011-07-21;386.95;390.06;383.9;387.29
2011-07-20;396.12;396.27;386;386.9
2011-07-19;378;378.65;373.32;376.85
2011-07-18;365.43;374.65;365.28;373.8
2011-07-15;361.17;365;359.17;364.92
2011-07-14;361.01;361.61;356.34;357.77
2011-07-13;358.33;360;356.38;358.02
2011-07-12;353.53;357.68;348.62;353.75
2011-07-11;356.34;359.77;352.82;354
2011-07-08;353.34;360;352.2;359.71
2011-07-07;354.67;358;354;357.2
2011-07-06;348.95;354.1;346.71;351.76
2011-07-05;343;349.83;342.5;349.43
2011-07-01;335.95;343.5;334.2;343.26
2011-06-30;334.7;336.13;332.84;335.67
2011-06-29;336.04;336.37;331.88;334.04
2011-06-28;333.65;336.7;333.44;335.26
2011-06-27;327.59;333.9;327.25;332.04
2011-06-24;331.37;333.15;325.09;326.35
2011-06-23;318.94;331.69;318.12;331.23
2011-06-22;325.16;328.9;322.38;322.61
2011-06-21;316.68;325.8;315.2;325.3
2011-06-20;317.36;317.7;310.5;315.32
2011-06-17;328.99;329.25;319.36;320.26
2011-06-16;326.9;328.68;318.33;325.16
2011-06-15;329.75;330.3;324.88;326.75
2011-06-14;330;333.25;329.31;332.44
2011-06-13;327.2;328.31;325.07;326.6
2011-06-10;330.55;331.66;325.51;325.9
2011-06-09;333.25;333.67;330.75;331.49
2011-06-08;331.78;334.8;330.65;332.24
2011-06-07;338.17;338.22;331.9;332.04
2011-06-06;345.7;347.05;337.81;338.04
2011-06-03;343.18;345.33;342.01;343.44
2011-06-02;346.5;347.98;344.3;346.1
2011-06-01;348.87;352.13;344.65;345.51
2011-05-31;341.1;347.83;341;347.83
2011-05-27;334.8;337.63;334.31;337.41
2011-05-26;335.97;336.89;334.43;335
2011-05-25;333.43;338.56;332.85;336.78
2011-05-24;335.5;335.9;331.34;332.19
2011-05-23;329.97;335.98;329.42;334.4
2011-05-20;339.56;340.95;335.02;335.22
2011-05-19;342.08;342.41;338.67;340.53
2011-05-18;336.47;341.05;336;339.87
2011-05-17;332;336.14;330.73;336.14
2011-05-16;339.2;341.22;332.6;333.3
2011-05-13;345.66;346.25;340.35;340.5
2011-05-12;346.12;347.12;342.27;346.57
2011-05-11;349.02;350;345.24;347.23
2011-05-10;348.89;349.69;346.66;349.45
2011-05-09;347.86;349.2;346.53;347.6
2011-05-06;349.69;350;346.21;346.66
2011-05-05;348.4;350.95;346.05;346.75
2011-05-04;348.26;351.83;346.88;349.57
2011-05-03;347.99;349.89;345.62;348.2
2011-05-02;349.74;350.47;345.5;346.28
2011-04-29;346.78;353.95;346.67;350.13
2011-04-28;346.19;349.75;345.52;346.75
2011-04-27;352.24;352.35;347.1;350.15
2011-04-26;353.62;354.99;349.35;350.42
2011-04-25;350.34;353.75;350.3;353.01
2011-04-21;355;355.13;348.52;350.7
2011-04-20;343.51;345.75;341.5;342.41
2011-04-19;333.1;337.98;331.71;337.86
2011-04-18;326.1;332.23;320.16;331.85
2011-04-15;333.3;333.64;326.8;327.46
2011-04-14;334.8;336;332.06;332.42
2011-04-13;335.02;336.14;332.52;336.13
2011-04-12;330.49;333.73;330.2;332.4
2011-04-11;334.06;335.67;330.02;330.8
2011-04-08;339.92;340.15;333.95;335.06
2011-04-07;338.1;340.43;336.03;338.08
2011-04-06;341.22;343.9;337.14;338.04
2011-04-05;336.99;342.25;336;338.89
2011-04-04;344.31;344.6;338.4;341.19
2011-04-01;351.11;351.59;343.3;344.56
2011-03-31;346.36;349.8;346.06;348.51
2011-03-30;350.64;350.88;347.44;348.63
2011-03-29;347.66;350.96;346.06;350.96
2011-03-28;353.15;354.32;350.44;350.44
2011-03-25;348.07;352.06;347.02;351.54
2011-03-24;341.85;346;338.86;344.97
2011-03-23;339.28;340.22;335.95;339.19
2011-03-22;342.56;342.62;339.14;341.2
2011-03-21;335.99;339.74;335.26;339.3
2011-03-18;337.13;338.2;330;330.67
2011-03-17;336.83;339.61;330.66;334.64
2011-03-16;342;343;326.26;330.01
2011-03-15;342.1;347.84;340.1;345.43
2011-03-14;353.18;356.48;351.31;353.56
2011-03-11;345.33;352.32;345;351.99
2011-03-10;349.12;349.77;344.9;346.67
2011-03-09;354.69;354.76;350.6;352.47
2011-03-08;354.91;357.4;352.25;355.76
2011-03-07;361.4;361.67;351.31;355.36
2011-03-04;360.07;360.29;357.75;360
2011-03-03;357.19;359.79;355.92;359.56
2011-03-02;349.96;354.35;348.4;352.12
2011-03-01;355.47;355.72;347.68;349.31
2011-02-28;351.24;355.05;351.12;353.21
2011-02-25;345.26;348.43;344.8;348.16
2011-02-24;344.02;345.15;338.37;342.88
2011-02-23;338.77;344.64;338.61;342.62
2011-02-22;342.15;345.4;337.72;338.61
2011-02-18;358.71;359.5;349.52;350.56
2011-02-17;357.25;360.27;356.52;358.3
2011-02-16;360.8;364.9;360.5;363.13
2011-02-15;359.19;359.97;357.55;359.9
2011-02-14;356.79;359.48;356.71;359.18
2011-02-11;354.75;357.8;353.54;356.85
2011-02-10;357.39;360;348;354.54
2011-02-09;355.19;359;354.87;358.16
2011-02-08;353.68;355.52;352.15;355.2
2011-02-07;347.89;353.25;347.64;351.88
2011-02-04;343.64;346.7;343.51;346.5
2011-02-03;343.8;344.24;338.55;343.44
2011-02-02;344.45;345.25;343.55;344.32
2011-02-01;341.3;345.65;340.98;345.03
2011-01-31;335.8;340.04;334.3;339.32
2011-01-28;344.17;344.4;333.53;336.1
2011-01-27;343.78;344.69;342.83;343.21
2011-01-26;342.96;345.6;341.5;343.85
2011-01-25;336.33;341.44;334.57;341.4
2011-01-24;326.87;337.45;326.72;337.45
2011-01-21;333.77;334.88;326.63;326.72
2011-01-20;336.43;338.3;330.12;332.68
2011-01-19;348.35;348.6;336.88;338.84
2011-01-18;329.52;344.76;326;340.65
2011-01-14;345.89;348.48;344.44;348.48
2011-01-13;345.16;346.64;343.85;345.68
2011-01-12;343.25;344.43;342;344.42
2011-01-11;344.88;344.96;339.47;341.64
2011-01-10;338.83;343.23;337.17;342.45
2011-01-07;333.99;336.35;331.9;336.12
2011-01-06;334.72;335.25;332.9;333.73
2011-01-05;329.55;334.34;329.5;334
2011-01-04;332.44;332.5;328.15;331.29
2011-01-03;325.64;330.26;324.84;329.57
2010-12-31;322.95;323.48;321.31;322.56
2010-12-30;325.48;325.51;323.05;323.66
2010-12-29;326.22;326.45;325.1;325.29
2010-12-28;325.91;326.66;325.06;325.47
2010-12-27;322.85;325.44;321.52;324.68
2010-12-23;325;325.15;323.17;323.6
2010-12-22;324.36;325.72;323.55;325.16
2010-12-21;323;324.39;322.05;324.2
2010-12-20;321.6;323.25;318.23;322.21
2010-12-17;321.63;321.79;320.23;320.61
2010-12-16;321.09;322.61;320.1;321.25
2010-12-15;320;323;319.19;320.36
2010-12-14;321.73;322.54;319;320.29
2010-12-13;324.37;325.06;321;321.67
2010-12-10;319.65;321.05;318.6;320.56
2010-12-09;322.13;322.5;319.02;319.76
2010-12-08;319.63;321.02;317.11;321.01
2010-12-07;323.8;323.99;318.12;318.21
2010-12-06;318.64;322.33;318.42;320.15
2010-12-03;317.01;318.65;316.34;317.44
2010-12-02;317.53;319;314.89;318.15
2010-12-01;315.27;317.75;315;316.4
2010-11-30;313.54;314.36;310.87;311.15
2010-11-29;315.5;317.48;311.38;316.87
2010-11-26;313.74;317.7;312.94;315
2010-11-24;312;315.4;311.75;314.8
2010-11-23;310.45;311.75;306.56;308.73
2010-11-22;306.68;313.36;305.87;313.36
2010-11-19;307.97;308.4;305.24;306.73
2010-11-18;305.2;309.67;304.69;308.43
2010-11-17;301.2;303.99;297.76;300.5
2010-11-16;305.72;307.6;299.32;301.59
2010-11-15;308.46;310.54;306.27;307.04
2010-11-12;316;316.5;303.63;308.03
2010-11-11;315;318.4;314.25;316.65
2010-11-10;316.64;318.77;313.55;318.03
2010-11-09;321.05;321.3;314.5;316.08
2010-11-08;317.2;319.77;316.76;318.62
2010-11-05;317.99;319.57;316.75;317.13
2010-11-04;315.45;320.18;315.03;318.27
2010-11-03;311.37;312.88;308.53;312.8
2010-11-02;307;310.19;307;309.36
2010-11-01;302.22;305.6;302.2;304.18
2010-10-29;304.23;305.88;300.87;300.98
2010-10-28;307.95;308;300.9;305.24
2010-10-27;307.65;309.9;305.6;307.83
2010-10-26;306.87;309.74;305.65;308.05
2010-10-25;309.09;311.6;308.44;308.84
2010-10-22;309.07;310.04;306.3;307.47
2010-10-21;312.36;314.74;306.8;309.52
2010-10-20;309;314.25;306.87;310.53
2010-10-19;303.4;313.77;300.02;309.49
2010-10-18;318.47;319;314.29;318
2010-10-15;307.44;315;304.91;314.74
2010-10-14;301.69;302.47;300.4;302.31
2010-10-13;300.2;301.96;299.8;300.14
2010-10-12;295.41;299.5;292.49;298.54
2010-10-11;294.74;297.24;294.6;295.36
2010-10-08;291.71;294.5;290;294.07
2010-10-07;290.34;290.48;286.91;289.22
2010-10-06;289.59;291.99;285.26;289.19
2010-10-05;282;289.45;281.82;288.94
2010-10-04;281.6;282.9;277.77;278.64
2010-10-01;286.15;286.58;281.35;282.52
2010-09-30;289;290;281.25;283.75
2010-09-29;287.23;289.81;286;287.37
2010-09-28;291.77;291.77;275;286.86
2010-09-27;293.98;294.73;291.01;291.16
2010-09-24;292.1;293.53;290.55;292.32
2010-09-23;286.33;292.76;286;288.92
2010-09-22;282.71;287.98;282.41;287.75
2010-09-21;283.86;287.35;282.79;283.77
2010-09-20;276.08;283.78;275.85;283.23
2010-09-17;277.69;277.96;273.68;275.37
2010-09-16;270.24;276.67;269.5;276.57
2010-09-15;268.17;270.38;267.84;270.22
2010-09-14;266.21;269.17;265.52;268.06
2010-09-13;265.82;268.28;265.76;267.04
2010-09-10;263.19;264.5;261.4;263.41
2010-09-09;265.04;266.52;262.92;263.07
2010-09-08;259.78;264.39;259.1;262.92
2010-09-07;256.64;259.53;256.25;257.81
2010-09-03;255.09;258.78;254.5;258.77
2010-09-02;251.26;252.17;248.57;252.17
2010-09-01;247.47;251.46;246.28;250.33
2010-08-31;241.85;244.56;240.35;243.1
2010-08-30;240.76;245.75;240.68;242.5
2010-08-27;241.75;242.61;235.56;241.62
2010-08-26;245.45;245.75;240.28;240.28
2010-08-25;238.04;243.99;237.2;242.89
2010-08-24;242.67;243;238.65;239.93
2010-08-23;251.79;252;245.25;245.8
2010-08-20;249.39;253.92;249;249.64
2010-08-19;252.84;253.48;248.68;249.88
2010-08-18;252.36;254.67;251.58;253.07
2010-08-17;250.08;254.63;249.2;251.97
2010-08-16;247.58;250.01;246.62;247.64
2010-08-13;251.65;251.88;249.09;249.1
2010-08-12;246.69;253.1;246.12;251.79
2010-08-11;255.4;255.69;249.81;250.19
2010-08-10;259.85;260.45;257.55;259.41
2010-08-09;261.48;262.15;259.57;261.75
2010-08-06;259.78;261.49;257.63;260.09
2010-08-05;261.73;263.18;260.55;261.7
2010-08-04;262.84;264.28;260.31;262.98
2010-08-03;261.01;263.26;259.42;261.93
2010-08-02;260.44;262.59;259.62;261.85
2010-07-30;255.89;259.7;254.9;257.25
2010-07-29;260.71;262.65;256.1;258.11
2010-07-28;263.67;265.99;260.25;260.96
2010-07-27;260.87;264.8;260.3;264.08
2010-07-26;260;260.1;257.71;259.28
2010-07-23;257.09;260.38;256.28;259.94
2010-07-22;257.68;260;255.31;259.02
2010-07-21;265.09;265.15;254;254.24
2010-07-20;242.9;252.9;240.01;251.89
2010-07-19;249.88;249.88;239.6;245.58
2010-07-16;253.18;254.97;248.41;249.9
2010-07-15;248.23;256.97;247.3;251.45
2010-07-14;249.38;255.8;249;252.73
2010-07-13;256.32;256.4;246.43;251.8
2010-07-12;258.53;261.85;254.86;257.29
2010-07-09;256.89;259.9;255.16;259.62
2010-07-08;262.48;262.9;254.89;258.09
2010-07-07;250.49;258.77;249.75;258.67
2010-07-06;251;252.8;246.16;248.63
2010-07-02;250.49;250.93;243.2;246.94
2010-07-01;254.3;254.8;243.22;248.48
2010-06-30;256.71;257.97;250.01;251.53
2010-06-29;264.12;264.39;254.3;256.17
2010-06-28;266.93;269.75;264.52;268.3
2010-06-25;270.06;270.27;265.81;266.7
2010-06-24;271;273.2;268.1;269
2010-06-23;274.58;274.66;267.9;270.97
2010-06-22;272.16;275.97;271.5;273.85
2010-06-21;277.69;279.01;268.73;270.17
2010-06-18;272.25;275;271.42;274.07
2010-06-17;270.6;272.9;269.5;271.87
2010-06-16;261.1;267.75;260.63;267.25
2010-06-15;255.64;259.85;255.5;259.69
2010-06-14;255.96;259.15;254.01;254.28
2010-06-11;248.23;253.86;247.37;253.51
2010-06-10;244.84;250.98;242.2;250.51
2010-06-09;251.47;251.9;242.49;243.2
2010-06-08;253.24;253.8;245.65;249.33
2010-06-07;258.29;259.15;250.55;250.94
2010-06-04;258.21;261.9;254.63;255.96
2010-06-03;265.18;265.55;260.41;263.12
2010-06-02;264.54;264.8;260.33;263.95
2010-06-01;259.69;265.94;258.96;260.83
2010-05-28;259.39;259.4;253.35;256.88
2010-05-27;250.6;253.89;249.11;253.35
2010-05-26;250.08;252.13;243.75;244.11
2010-05-25;239.35;246.76;237.16;245.22
2010-05-24;247.28;250.9;246.26;246.76
2010-05-21;232.82;244.5;231.35;242.32
2010-05-20;241.88;243.85;236.21;237.76
2010-05-19;249.5;252.92;244.85;248.34
2010-05-18;256.98;258.55;250.26;252.36
2010-05-17;254.7;256.18;247.71;254.22
2010-05-14;255.16;256.48;249.5;253.82
2010-05-13;263.22;265;256.4;258.36
2010-05-12;259.24;263.13;258.7;262.09
2010-05-11;251.84;259.89;250.5;256.52
2010-05-10;250.25;254.65;248.53;253.99
2010-05-07;243.71;246.57;225.21;235.86
2010-05-06;253.83;258.25;199.25;246.25
2010-05-05;253.03;258.14;248.73;255.99
2010-05-04;262.89;263.29;256.75;258.68
2010-05-03;263.84;267.88;262.88;266.35
2010-04-30;269.31;270.57;261;261.09
2010-04-29;263.02;270;262.01;268.64
2010-04-28;263.25;264;256.41;261.6
2010-04-27;267.27;267.84;260.52;262.04
2010-04-26;271.88;272.46;268.19;269.5
2010-04-23;267.99;272.18;267;270.83
2010-04-22;258.24;266.75;256.2;266.47
2010-04-21;258.8;260.25;255.73;259.22
2010-04-20;248.54;249.25;242.96;244.59
2010-04-19;247.03;247.89;241.77;247.07
2010-04-16;248.57;251.14;244.55;247.4
2010-04-15;245.78;249.03;245.51;248.92
2010-04-14;245.28;245.81;244.07;245.69
2010-04-13;241.86;242.8;241.11;242.43
2010-04-12;242.2;243.07;241.81;242.29
2010-04-09;241.43;241.89;240.46;241.79
2010-04-08;240.44;241.54;238.04;239.95
2010-04-07;239.55;241.92;238.66;240.6
2010-04-06;238.2;240.24;237;239.54
2010-04-05;234.98;238.51;234.77;238.49
2010-04-01;237.41;238.73;232.75;235.97
2010-03-31;235.49;236.61;234.46;235
2010-03-30;236.6;237.48;234.25;235.85
2010-03-29;233;233.87;231.62;232.39
2010-03-26;228.95;231.95;228.55;230.9
2010-03-25;230.92;230.97;226.25;226.65
2010-03-24;227.64;230.2;227.51;229.37
2010-03-23;225.64;228.78;224.1;228.36
2010-03-22;220.47;226;220.15;224.75
2010-03-19;224.79;225.24;221.23;222.25
2010-03-18;224.1;225;222.61;224.65
2010-03-17;224.9;226.45;223.27;224.12
2010-03-16;224.18;224.98;222.51;224.45
2010-03-15;225.38;225.5;220.25;223.84
2010-03-12;227.37;227.73;225.75;226.6
2010-03-11;223.91;225.5;223.32;225.5
2010-03-10;223.83;225.48;223.2;224.84
2010-03-09;218.31;225;217.89;223.02
2010-03-08;220.01;220.09;218.25;219.08
2010-03-05;214.94;219.7;214.63;218.95
2010-03-04;209.28;210.92;208.63;210.71
2010-03-03;208.94;209.87;207.94;209.33
2010-03-02;209.93;210.83;207.74;208.85
2010-03-01;205.75;209.5;205.45;208.99
2010-02-26;202.38;205.17;202;204.62
2010-02-25;197.38;202.86;196.89;202
2010-02-24;198.23;201.44;197.84;200.66
2010-02-23;200;201.33;195.71;197.06
2010-02-22;202.34;202.5;199.19;200.42
2010-02-19;201.86;203.2;201.11;201.67
2010-02-18;201.63;203.89;200.92;202.93
2010-02-17;204.19;204.31;200.86;202.55
2010-02-16;201.94;203.69;201.52;203.4
2010-02-12;198.11;201.64;195.5;200.38
2010-02-11;194.88;199.75;194.06;198.67
2010-02-10;195.89;196.6;194.26;195.12
2010-02-09;196.42;197.5;194.75;196.19
2010-02-08;195.69;197.88;194;194.12
2010-02-05;192.63;196;190.85;195.46
2010-02-04;196.73;198.37;191.57;192.05
2010-02-03;195.17;200.2;194.42;199.23
2010-02-02;195.91;196.32;193.38;195.86
2010-02-01;192.37;196;191.3;194.73
2010-01-29;201.08;202.2;190.25;192.06
2010-01-28;204.93;205.5;198.7;199.29
2010-01-27;206.85;210.58;199.53;207.88
2010-01-26;205.95;213.71;202.58;205.94
2010-01-25;202.51;204.7;200.19;203.07
2010-01-22;206.78;207.5;197.16;197.75
2010-01-21;212.08;213.31;207.21;208.07
2010-01-20;214.91;215.55;209.5;211.73
2010-01-19;208.33;215.19;207.24;215.04
2010-01-15;210.93;211.6;205.87;205.93
2010-01-14;210.11;210.46;209.02;209.43
2010-01-13;207.87;210.93;204.1;210.65
2010-01-12;209.19;209.77;206.42;207.72
2010-01-11;212.8;213;208.45;210.11
2010-01-08;210.3;212;209.06;211.98
2010-01-07;211.75;212;209.05;210.58
2010-01-06;214.38;215.23;210.75;210.97
2010-01-05;214.6;215.59;213.25;214.38
2010-01-04;213.43;214.5;212.38;214.01
2009-12-31;213.13;213.35;210.56;210.73
2009-12-30;208.83;212;208.31;211.64
2009-12-29;212.63;212.72;208.73;209.1
2009-12-28;211.72;213.95;209.61;211.61
2009-12-24;203.55;209.35;203.35;209.04
2009-12-23;201.2;202.38;200.81;202.1
2009-12-22;199.44;200.85;198.66;200.36
2009-12-21;196.05;199.75;195.67;198.23
2009-12-18;193.17;195.5;192.6;195.43
2009-12-17;194.26;195;191;191.86
2009-12-16;195.1;196.5;194.55;195.03
2009-12-15;195.83;197.51;193.27;194.17
2009-12-14;195.37;197.43;192.56;196.98
2009-12-11;197.78;198;193.43;194.67
2009-12-10;199.5;199.7;196.12;196.43
2009-12-09;191.28;198.16;190.31;197.8
2009-12-08;189.36;192.35;188.7;189.87
2009-12-07;193.32;193.77;188.68;188.95
2009-12-04;199.7;199.88;190.28;193.32
2009-12-03;197.42;198.98;196.27;196.48
2009-12-02;198.96;201.42;195.75;196.23
2009-12-01;202.24;202.77;196.83;196.97
2009-11-30;201.11;201.68;198.77;199.91
2009-11-27;199.22;202.96;198.37;200.59
2009-11-25;205.4;205.65;203.76;204.19
2009-11-24;205.33;205.88;202.9;204.44
2009-11-23;203;206;202.95;205.88
2009-11-20;199.15;200.39;197.76;199.92
2009-11-19;204.61;204.61;199.8;200.51
2009-11-18;206.54;207;204;205.96
2009-11-17;206.08;207.44;205;207
2009-11-16;205.48;208;205.01;206.63
2009-11-13;202.87;204.83;202.07;204.45
2009-11-12;203.14;204.87;201.43;201.99
2009-11-11;204.56;205;201.83;203.25
2009-11-10;201.02;204.98;201.01;202.98
2009-11-09;196.94;201.9;196.26;201.46
2009-11-06;192.51;195.19;192.4;194.34
2009-11-05;192.4;195;191.82;194.03
2009-11-04;190.73;193.85;190.23;190.81
2009-11-03;187.85;189.52;185.92;188.75
2009-11-02;189.8;192.88;185.57;189.31
2009-10-30;196.06;196.8;188.17;188.5
2009-10-29;195;196.81;192.14;196.35
2009-10-28;197.71;198.02;191.1;192.4
2009-10-27;201.66;202.81;196.45;197.37
2009-10-26;203.67;206.75;200.1;202.48
2009-10-23;205.7;205.8;203.23;203.94
2009-10-22;204.7;207.85;202.51;205.2
2009-10-21;199.52;208.71;199.23;204.92
2009-10-20;200.6;201.75;197.85;198.76
2009-10-19;187.85;190;185.55;189.86
2009-10-16;189.35;190.36;187.84;188.05
2009-10-15;189.63;190.92;189.53;190.56
2009-10-14;192.25;192.32;190.23;191.29
2009-10-13;190.63;191.17;189.7;190.02
2009-10-12;191.02;191.51;189.64;190.81
2009-10-09;188.97;190.7;188.62;190.47
2009-10-08;190.66;191.45;188.89;189.27
2009-10-07;189.76;190.55;189.03;190.25
2009-10-06;187.74;190.01;187.3;190.01
2009-10-05;186.2;186.86;184.27;186.02
2009-10-02;181.41;185.94;181.35;184.9
2009-10-01;185.35;186.22;180.7;180.86
2009-09-30;186.13;186.45;182.61;185.35
2009-09-29;186.73;187.4;184.31;185.38
2009-09-28;183.87;186.68;183.33;186.15
2009-09-25;182.01;185.5;181.44;182.37
2009-09-24;187.2;187.7;182.77;183.82
2009-09-23;185.4;188.9;185.03;185.5
2009-09-22;185.19;185.38;182.85;184.48
2009-09-21;184.29;185.16;181.62;184.02
2009-09-18;185.83;186.55;184.76;185.02
2009-09-17;181.98;186.79;181.97;184.55
2009-09-16;177.99;182.75;177.88;181.87
2009-09-15;174.04;175.65;173.59;175.16
2009-09-14;170.83;173.9;170.25;173.72
2009-09-11;172.91;173.18;170.87;172.16
2009-09-10;172.06;173.25;170.81;172.56
2009-09-09;172.78;174.47;169.7;171.14
2009-09-08;172.98;173.14;172;172.93
2009-09-04;167.28;170.7;167.09;170.31
2009-09-03;166.44;167.1;165;166.55
2009-09-02;164.62;167.61;164.11;165.18
2009-09-01;167.99;170;164.94;165.3
2009-08-31;168.16;168.85;166.5;168.21
2009-08-28;172.27;172.49;168.53;170.05
2009-08-27;168.75;169.57;164.83;169.45
2009-08-26;168.92;169.55;166.76;167.41
2009-08-25;169.46;170.94;169.13;169.4
2009-08-24;170.12;170.71;168.27;169.06
2009-08-21;167.65;169.37;166.8;169.22
2009-08-20;164.98;166.72;164.61;166.33
2009-08-19;162.75;165.3;162.45;164.6
2009-08-18;161.63;164.24;161.41;164
2009-08-17;163.55;163.59;159.42;159.59
2009-08-14;167.94;168.23;165.53;166.78
2009-08-13;166.65;168.67;166.5;168.42
2009-08-12;162.55;166.71;162.46;165.31
2009-08-11;163.69;164.38;161.88;162.83
2009-08-10;165.66;166.6;163.66;164.72
2009-08-07;165.49;166.6;164.8;165.51
2009-08-06;165.58;166.51;163.09;163.91
2009-08-05;165.75;167.39;164.21;165.11
2009-08-04;164.93;165.57;164.21;165.55
2009-08-03;165.21;166.64;164.87;166.43
2009-07-31;162.99;165;162.91;163.39
2009-07-30;161.7;164.72;161.5;162.79
2009-07-29;158.9;160.45;158.25;160.03
2009-07-28;158.88;160.1;157.6;160
2009-07-27;160.17;160.88;157.26;160.1
2009-07-24;156.95;160;156.5;159.99
2009-07-23;156.63;158.44;155.56;157.82
2009-07-22;157.79;158.73;156.11;156.74
2009-07-21;153.29;153.43;149.75;151.51
2009-07-20;153.27;155.04;150.89;152.91
2009-07-17;149.08;152.02;148.63;151.75
2009-07-16;145.76;148.02;145.57;147.52
2009-07-15;145.04;147;144.32;146.88
2009-07-14;142.03;143.18;141.16;142.27
2009-07-13;139.54;142.34;137.53;142.34
2009-07-10;136.34;138.97;136.32;138.52
2009-07-09;137.76;137.99;135.93;136.36
2009-07-08;135.92;138.04;134.42;137.22
2009-07-07;138.48;139.68;135.18;135.4
2009-07-06;138.7;138.99;136.25;138.61
2009-07-02;141.25;142.83;139.79;140.02
2009-07-01;143.5;144.66;142.52;142.83
2009-06-30;142.58;143.8;141.8;142.43
2009-06-29;143.46;143.95;141.54;141.97
2009-06-26;139.79;143.56;139.74;142.44
2009-06-25;135.75;140.2;135.21;139.86
2009-06-24;135.42;137.5;134.86;136.22
2009-06-23;136.4;136.95;132.88;134.01
2009-06-22;140.67;141.56;136.33;137.37
2009-06-19;138.07;139.5;136.9;139.48
2009-06-18;136.11;138;135.59;135.88
2009-06-17;136.67;137.45;134.53;135.58
2009-06-16;136.66;138.47;136.1;136.35
2009-06-15;136.01;136.93;134.89;136.09
2009-06-12;138.81;139.1;136.04;136.97
2009-06-11;139.55;141.56;138.55;139.95
2009-06-10;142.28;142.35;138.3;140.25
2009-06-09;143.81;144.56;140.55;142.72
2009-06-08;143.82;144.23;139.43;143.85
2009-06-05;145.31;146.4;143.21;144.67
2009-06-04;140.13;144.18;140.04;143.74
2009-06-03;140;141.11;139.07;140.95
2009-06-02;138.99;141.34;138.35;139.49
2009-06-01;136.47;139.99;136;139.35
2009-05-29;135.39;135.9;133.85;135.81
2009-05-28;133.45;135.39;132.03;135.07
2009-05-27;131.78;134.98;130.91;133.05
2009-05-26;124.76;130.83;124.55;130.78
2009-05-22;124.05;124.18;121.75;122.5
2009-05-21;125.15;126.78;122.89;124.18
2009-05-20;127.63;129.21;125.3;125.87
2009-05-19;126.82;129.31;125.74;127.45
2009-05-18;123.73;126.7;121.57;126.65
2009-05-15;122.32;124.62;121.61;122.42
2009-05-14;119.78;123.53;119.7;122.95
2009-05-13;123.21;124.02;119.38;119.49
2009-05-12;129.56;129.71;123.25;124.42
2009-05-11;127.37;130.96;127.12;129.57
2009-05-08;129.04;131.23;126.26;129.19
2009-05-07;132.33;132.39;127.9;129.06
2009-05-06;133.33;133.5;130.22;132.5
2009-05-05;131.75;132.86;131.12;132.71
2009-05-04;128.24;132.25;127.68;132.07
2009-05-01;125.8;127.95;125.8;127.24
2009-04-30;126.22;127;124.92;125.83
2009-04-29;124.85;126.85;123.83;125.14
2009-04-28;123.35;126.21;123.26;123.9
2009-04-27;122.9;125;122.66;124.73
2009-04-24;124.64;125.14;122.97;123.9
2009-04-23;126.62;127.2;123.51;125.4
2009-04-22;122.63;125.35;121.2;121.51
2009-04-21;118.89;122.14;118.6;121.76
2009-04-20;121.73;122.99;119.16;120.5
2009-04-17;121.18;124.25;120.25;123.42
2009-04-16;119.19;123.15;118.79;121.45
2009-04-15;117.2;118.25;115.76;117.64
2009-04-14;119.57;120.17;117.25;118.31
2009-04-13;120.01;120.98;119;120.22
2009-04-09;118.42;120;117.96;119.57
2009-04-08;115.43;116.79;114.58;116.32
2009-04-07;116.53;116.67;114.19;115
2009-04-06;114.94;118.75;113.28;118.45
2009-04-03;114.19;116.13;113.52;115.99
2009-04-02;110.14;114.75;109.78;112.71
2009-04-01;104.09;109;103.89;108.69
2009-03-31;105.45;107.45;105;105.12
2009-03-30;104.51;105.01;102.61;104.49
2009-03-27;108.23;108.53;106.4;106.85
2009-03-26;107.83;109.98;107.58;109.87
2009-03-25;107.58;108.36;103.86;106.49
2009-03-24;106.36;109.44;105.39;106.5
2009-03-23;102.71;108.16;101.75;107.66
2009-03-20;102.09;103.11;100.57;101.59
2009-03-19;101.85;103.2;100.25;101.62
2009-03-18;99.91;103.48;99.72;101.52
2009-03-17;95.24;99.69;95.07;99.66
2009-03-16;96.53;97.39;94.18;95.42
2009-03-13;96.3;97.2;95.01;95.93
2009-03-12;92.9;96.58;92;96.35
2009-03-11;89.81;94.07;89.58;92.68
2009-03-10;84.87;89.17;84.36;88.63
2009-03-09;84.18;87.6;82.57;83.11
2009-03-06;88.34;88.4;82.33;85.3
2009-03-05;90.46;91.87;88.45;88.84
2009-03-04;90.18;92.77;89.45;91.17
2009-03-03;88.93;90.74;87.88;88.37
2009-03-02;88.12;91.2;87.67;87.94
2009-02-27;87.93;91.3;87.67;89.31
2009-02-26;92;92.92;88.96;89.19
2009-02-25;89.86;92.92;89.25;91.16
2009-02-24;87.45;90.89;87;90.25
2009-02-23;91.65;92;86.51;86.95
2009-02-20;89.4;92.4;89;91.2
2009-02-19;93.37;94.25;90.11;90.64
2009-02-18;95.05;95.85;92.72;94.37
2009-02-17;96.87;97.04;94.28;94.53
2009-02-13;98.99;99.94;98.12;99.16
2009-02-12;95.83;99.75;95.83;99.27
2009-02-11;96.37;98.31;95.77;96.82
2009-02-10;101.33;102.51;97.06;97.83
2009-02-09;100;103;99.5;102.51
2009-02-06;97.02;100;97;99.72
2009-02-05;92.77;97.25;92.62;96.46
2009-02-04;93.22;96.25;93.1;93.55
2009-02-03;91.92;93.38;90.28;92.98
2009-02-02;89.1;92;88.9;91.51
2009-01-30;92.6;93.62;90.01;90.13
2009-01-29;93.09;94.34;92.6;93
2009-01-28;92.12;95;91.5;94.2
2009-01-27;90.19;91.55;89.74;90.73
2009-01-26;88.86;90.97;88.3;89.64
2009-01-23;86.82;89.87;86.5;88.36
2009-01-22;88.04;90;85.82;88.36
2009-01-21;79.39;82.88;79.31;82.83
2009-01-20;81.93;82;78.2;78.2
2009-01-16;84.3;84.38;80.4;82.33
2009-01-15;80.57;84.12;80.05;83.38
2009-01-14;86.24;87.25;84.72;85.33
2009-01-13;88.24;89.74;86.35;87.71
2009-01-12;90.46;90.99;87.55;88.66
2009-01-09;93.21;93.38;90.14;90.58
2009-01-08;90.43;93.15;90.04;92.7
2009-01-07;91.81;92.5;90.26;91.01
2009-01-06;95.95;97.17;92.39;93.02
2009-01-05;93.17;96.18;92.71;94.58
2009-01-02;85.88;91.04;85.16;90.75
2008-12-31;85.97;87.74;85.34;85.35
2008-12-30;87.42;88.05;84.72;86.29
2008-12-29;86.52;87.62;85.07;86.61
2008-12-26;86.64;87.42;85.24;85.81
2008-12-24;86.14;86.25;84.55;85.04
2008-12-23;86.87;87.87;85.9;86.38
2008-12-22;90.02;90.03;84.69;85.74
2008-12-19;89.94;90.94;88.8;90
2008-12-18;89.31;90.83;88.44;89.43
2008-12-17;91.03;91.1;88.02;89.16
2008-12-16;93.98;96.48;92.75;95.43
2008-12-15;95.99;96.21;93;94.75
2008-12-12;92.8;99;92.53;98.27
2008-12-11;97.35;101.24;94.83;95
2008-12-10;97.87;99.49;96.5;98.21
2008-12-09;98.04;103.6;97.21;100.06
2008-12-08;97.28;100.8;95.8;99.72
2008-12-05;90.35;94.49;88.86;94
2008-12-04;94.43;95.21;89.06;91.41
2008-12-03;89.4;96.23;88.8;95.9
2008-12-02;90.03;92.65;86.5;92.47
2008-12-01;91.3;92.27;88.92;88.93
2008-11-28;94.7;94.76;91.86;92.67
2008-11-26;89.92;95.25;89.85;95
2008-11-25;94.63;94.71;88.16;90.8
2008-11-24;85.21;94.79;84.84;92.95
2008-11-21;81.93;84.12;79.14;82.58
2008-11-20;85.24;86.45;80;80.49
2008-11-19;89.44;91.58;86.21;86.29
2008-11-18;89.64;90.99;86.86;89.91
2008-11-17;88.48;90.55;87.26;88.14
2008-11-14;93.76;93.99;90;90.24
2008-11-13;89.87;96.44;86.02;96.44
2008-11-12;92.43;93.24;90.01;90.12
2008-11-11;94.81;97.17;92.26;94.77
2008-11-10;100.17;100.4;94.5;95.88
2008-11-07;99.24;99.85;95.72;98.24
2008-11-06;101.05;102.78;98;99.1
2008-11-05;108.91;109.72;102.99;103.3
2008-11-04;109.99;111.79;106.67;110.99
2008-11-03;105.93;109.1;104.86;106.96
2008-10-31;107.4;110.78;105.14;107.59
2008-10-30;108.23;112.19;107.61;111.04
2008-10-29;100.86;109.54;99.94;104.55
2008-10-28;95.43;100.5;92.37;99.91
2008-10-27;95.07;97.63;91.86;92.09
2008-10-24;90.33;97.9;90.11;96.38
2008-10-23;96.51;99.25;91.9;98.23
2008-10-22;97.37;101.25;92.93;96.87
2008-10-21;96.95;97.9;91.16;91.49
2008-10-20;99.78;100.03;93.64;98.44
2008-10-17;99.6;102.04;85.89;97.4
2008-10-16;99.77;103.43;91.74;101.89
2008-10-15;103.84;107;97.89;97.95
2008-10-14;116.26;116.4;103.14;104.08
2008-10-13;104.55;110.53;101.02;110.26
2008-10-10;85.7;100;85;96.8
2008-10-09;93.35;95.8;86.6;88.74
2008-10-08;85.91;96.33;85.68;89.79
2008-10-07;100.48;101.5;88.95;89.16
2008-10-06;91.96;98.78;87.54;98.14
2008-10-03;104;106.5;94.65;97.07
2008-10-02;108.01;108.79;100;100.1
2008-10-01;111.92;112.36;107.39;109.12
2008-09-30;108.25;115;106.3;113.66
2008-09-29;119.62;119.68;100.59;105.26
2008-09-26;124.91;129.8;123;128.24
2008-09-25;129.8;134.79;128.52;131.93
2008-09-24;127.27;130.95;125.15;128.71
2008-09-23;131.85;135.8;126.66;126.84
2008-09-22;139.94;140.25;130.66;131.05
2008-09-19;142.6;144.2;136.31;140.91
2008-09-18;130.57;135.43;120.68;134.09
2008-09-17;138.49;138.51;127.83;127.83
2008-09-16;133.86;142.5;132.15;139.88
2008-09-15;142.03;147.69;140.36;140.36
2008-09-12;150.91;150.91;146.5;148.94
2008-09-11;148.18;152.99;146;152.65
2008-09-10;152.32;154.99;148.8;151.61
2008-09-09;156.86;159.96;149.79;151.68
2008-09-08;164.57;164.89;151.46;157.92
2008-09-05;158.59;162.4;157.65;160.18
2008-09-04;165.86;167.91;160.81;161.22
2008-09-03;166.84;168.68;164;166.96
2008-09-02;172.4;173.5;165;166.19
2008-08-29;172.96;173.5;169.04;169.53
2008-08-28;175.28;176.25;172.75;173.74
2008-08-27;173.31;175.76;172.19;174.67
2008-08-26;172.76;174.88;172.61;173.64
2008-08-25;176.15;176.23;171.66;172.55
2008-08-22;175.82;177.5;175.57;176.79
2008-08-21;174.47;175.45;171.89;174.29
2008-08-20;174.77;176.94;173.61;175.84
2008-08-19;174.54;177.07;171.81;173.53
2008-08-18;175.57;177.81;173.82;175.39
2008-08-15;179.04;179.75;175.05;175.74
2008-08-14;178.33;180.45;177.84;179.32
2008-08-13;177.98;180;175.9;179.3
2008-08-12;173.52;179.29;173.51;176.73
2008-08-11;170.07;176.5;169.67;173.56
2008-08-08;163.86;169.65;163.75;169.55
2008-08-07;162.71;166.15;161.5;163.57
2008-08-06;159.97;167.4;158;164.19
2008-08-05;155.42;160.8;154.82;160.64
2008-08-04;156.6;157.9;152.91;153.23
2008-08-01;159.9;159.99;155.75;156.66
2008-07-31;157.54;162.2;156.98;158.95
2008-07-30;157.78;160.49;156.08;159.88
2008-07-29;155.41;159.45;153.65;157.08
2008-07-28;162.34;162.47;154.02;154.4
2008-07-25;160.4;163;158.65;162.12
2008-07-24;164.32;165.26;158.45;159.03
2008-07-23;164.99;168.37;161.56;166.26
2008-07-22;149;162.76;146.53;162.02
2008-07-21;166.9;167.5;161.12;166.29
2008-07-18;168.52;169.65;165;165.15
2008-07-17;174.1;174.98;171.39;171.81
2008-07-16;170.2;172.93;168.6;172.81
2008-07-15;172.48;173.74;166.39;169.64
2008-07-14;179.24;179.3;173.08;173.88
2008-07-11;175.47;177.11;171;172.58
2008-07-10;174.92;177.34;171.37;176.63
2008-07-09;180.2;180.91;174.14;174.25
2008-07-08;175.4;179.7;172.74;179.55
2008-07-07;173.16;177.13;171.9;175.16
2008-07-03;169.59;172.17;165.75;170.12
2008-07-02;175.2;177.45;168.18;168.18
2008-07-01;164.23;174.72;164;174.68
2008-06-30;170.19;172;166.62;167.44
2008-06-27;166.51;170.57;164.15;170.09
2008-06-26;174.07;174.84;168.01;168.26
2008-06-25;174.61;178.83;173.88;177.39
2008-06-24;172.37;175.78;171.63;173.25
2008-06-23;174.74;175.88;171.56;173.16
2008-06-20;179.35;181;175;175.27
2008-06-19;178.55;182.34;176.8;180.9
2008-06-18;181.12;182.2;177.35;178.75
2008-06-17;178.1;181.99;177.41;181.43
2008-06-16;171.3;177.9;169.07;176.84
2008-06-13;171.64;174.16;165.31;172.37
2008-06-12;181.49;182.6;171.2;173.26
2008-06-11;184.34;186;179.59;180.81
2008-06-10;180.51;186.78;179.02;185.64
2008-06-09;184.79;184.94;175.75;181.61
2008-06-06;188;189.95;185.55;185.64
2008-06-05;186.34;189.84;185.7;189.43
2008-06-04;184.02;187.09;183.23;185.19
2008-06-03;186.86;188.2;182.34;185.37
2008-06-02;188.6;189.65;184.53;186.1
2008-05-30;187.45;189.54;187.38;188.75
2008-05-29;186.76;188.2;185.5;186.69
2008-05-28;187.41;187.95;183.72;187.01
2008-05-27;182.75;186.43;181.84;186.43
2008-05-23;180.77;181.99;177.8;181.17
2008-05-22;179.26;181.33;172;177.05
2008-05-21;185.67;187.95;176.25;178.19
2008-05-20;181.82;186.16;180.12;185.9
2008-05-19;187.86;188.69;181.3;183.6
2008-05-16;190.11;190.3;187;187.62
2008-05-15;186.81;189.9;184.2;189.73
2008-05-14;191.23;192.24;185.57;186.26
2008-05-13;188.61;191.45;187.86;189.96
2008-05-12;185.21;188.87;182.85;188.16
2008-05-09;183.16;184.25;181.37;183.45
2008-05-08;183.77;186.5;183.07;185.06
2008-05-07;186.05;188.2;180.54;182.59
2008-05-06;184.66;187.12;182.18;186.66
2008-05-05;181.92;185.31;181.05;184.73
2008-05-02;180.19;181.92;178.55;180.94
2008-05-01;174.96;180;174.86;180
2008-04-30;176.19;180;172.92;173.95
2008-04-29;171.11;175.66;170.25;175.05
2008-04-28;169.75;173.75;169.13;172.24
2008-04-25;170.7;171.1;166.42;169.73
2008-04-24;165.34;169.98;159.19;168.94
2008-04-23;164.05;164.84;161.08;162.89
2008-04-22;167.4;168;158.09;160.2
2008-04-21;162.21;168.5;161.76;168.16
2008-04-18;159.12;162.26;158.38;161.04
2008-04-17;154.17;156;153.35;154.49
2008-04-16;151.72;154.1;150.62;153.7
2008-04-15;149.4;149.72;145.72;148.38
2008-04-14;146.77;149.25;144.54;147.78
2008-04-11;152.72;153.3;146.4;147.14
2008-04-10;151.13;155.42;150.6;154.55
2008-04-09;153.31;153.89;150.46;151.44
2008-04-08;153.55;156.45;152.32;152.84
2008-04-07;156.13;159.69;155.11;155.89
2008-04-04;152.19;154.71;150.75;153.08
2008-04-03;147.06;153.63;147;151.61
2008-04-02;148.78;151.2;145.85;147.49
2008-04-01;146.3;149.66;143.61;149.53
2008-03-31;143.27;145.71;142.52;143.5
2008-03-28;141.8;144.65;141.6;143.01
2008-03-27;144.95;145.31;139.99;140.25
2008-03-26;140.87;145.74;140.64;145.06
2008-03-25;139.96;143.1;137.33;140.98
2008-03-24;134.01;140.85;133.64;139.53
2008-03-20;131.12;133.29;129.18;133.27
2008-03-19;133.12;134.29;129.67;129.67
2008-03-18;129.18;133;128.67;132.82
2008-03-17;122.55;128.59;122.55;126.73
2008-03-14;129.88;130.3;124.2;126.61
2008-03-13;124.1;129.5;123;127.94
2008-03-12;127.04;128.68;125.17;126.03
2008-03-11;124.1;127.48;122;127.35
2008-03-10;121.98;123.46;119.37;119.69
2008-03-07;120.41;122.98;119.05;122.25
2008-03-06;124.61;127.5;120.81;120.93
2008-03-05;123.58;125.14;122.25;124.49
2008-03-04;121.99;124.88;120.4;124.62
2008-03-03;124.44;125.98;118;121.73
2008-02-29;129.29;130.21;124.8;125.02
2008-02-28;127.2;132.2;125.77;129.91
2008-02-27;118.23;123.05;118.09;122.96
2008-02-26;117.64;121.09;115.44;119.15
2008-02-25;118.59;120.17;116.66;119.74
2008-02-22;122.48;122.51;115.87;119.46
2008-02-21;126.05;126.47;120.86;121.54
2008-02-20;122.2;124.6;121.68;123.82
2008-02-19;125.99;126.75;121.44;122.18
2008-02-15;126.27;127.08;124.06;124.63
2008-02-14;129.4;130.8;127.01;127.46
2008-02-13;126.68;129.78;125.63;129.4
2008-02-12;130.7;131;123.62;124.86
2008-02-11;128.01;129.98;127.2;129.45
2008-02-08;122.08;125.7;121.6;125.48
2008-02-07;119.97;124.78;117.27;121.24
2008-02-06;130.83;131.92;121.77;122
2008-02-05;130.43;134;128.9;129.36
2008-02-04;134.21;135.9;131.42;131.65
2008-02-01;136.24;136.59;132.18;133.75
2008-01-31;129.45;136.65;129.4;135.36
2008-01-30;131.37;135.45;130;132.18
2008-01-29;131.15;132.79;129.05;131.54
2008-01-28;128.16;133.2;126.45;130.01
2008-01-25;138.99;139.09;129.61;130.01
2008-01-24;139.99;140.7;132.01;135.6
2008-01-23;136.19;140;126.14;139.07
2008-01-22;148.06;159.98;146;155.64
2008-01-18;161.71;165.75;159.61;161.36
2008-01-17;161.51;165.36;158.42;160.89
2008-01-16;165.23;169.01;156.7;159.64
2008-01-15;177.72;179.22;164.66;169.04
2008-01-14;177.52;179.42;175.17;178.78
2008-01-11;176;177.85;170;172.69
2008-01-10;177.58;181;175.41;178.02
2008-01-09;171.3;179.5;168.3;179.4
2008-01-08;180.14;182.46;170.8;171.25
2008-01-07;181.25;183.6;170.23;177.64
2008-01-04;191.45;193;178.89;180.05
2008-01-03;195.41;197.39;192.69;194.93
2008-01-02;199.27;200.26;192.55;194.84
2007-12-31;199.5;200.5;197.75;198.08
2007-12-28;200.59;201.56;196.88;199.83
2007-12-27;198.95;202.96;197.8;198.57
2007-12-26;199.01;200.96;196.82;198.95
2007-12-24;195.03;199.33;194.79;198.8
2007-12-21;190.12;193.91;189.89;193.91
2007-12-20;185.43;187.83;183.33;187.21
2007-12-19;182.98;184.64;180.9;183.12
2007-12-18;186.52;187.33;178.6;182.98
2007-12-17;190.72;192.65;182.98;184.4
2007-12-14;190.37;193.2;189.54;190.39
2007-12-13;190.19;192.12;187.82;191.83
2007-12-12;193.44;194.48;185.76;190.86
2007-12-11;194.75;196.83;187.39;188.54
2007-12-10;193.59;195.66;192.69;194.21
2007-12-07;190.54;194.99;188.04;194.3
2007-12-06;186.19;190.1;186.12;189.95
2007-12-05;182.89;186;182.41;185.5
2007-12-04;177.15;180.9;176.99;179.81
2007-12-03;181.86;184.14;177.7;178.86
2007-11-30;187.34;187.7;179.7;182.22
2007-11-29;179.43;185.17;179.15;184.29
2007-11-28;176.82;180.6;175.35;180.22
2007-11-27;175.22;175.79;170.01;174.81
2007-11-26;173.59;177.27;172.35;172.54
2007-11-23;172;172.05;169.75;171.54
2007-11-21;165.84;172.35;164.67;168.46
2007-11-20;165.67;171.79;163.53;168.85
2007-11-19;166.1;168.2;162.1;163.95
2007-11-16;165.3;167.02;159.33;166.39
2007-11-15;166.39;169.59;160.3;164.3
2007-11-14;177.16;177.57;163.74;166.11
2007-11-13;160.85;170.98;153.76;169.96
2007-11-12;165.28;167.7;150.63;153.76
2007-11-09;171.15;175.12;165.21;165.37
2007-11-08;186.67;186.9;167.77;175.47
2007-11-07;190.61;192.68;186.13;186.3
2007-11-06;187.05;192;185.27;191.79
2007-11-05;185.29;188.96;184.24;186.18
2007-11-02;189.21;189.44;183.49;187.87
2007-11-01;188.6;190.1;180;187.44
2007-10-31;187.63;190.12;184.95;189.95
2007-10-30;186.18;189.37;184.73;187
2007-10-29;185.45;186.59;184.7;185.09
2007-10-26;185.29;185.37;182.88;184.7
2007-10-25;184.87;185.9;181.66;182.78
2007-10-24;185.81;187.21;179.24;185.93
2007-10-23;188.56;188.6;182.76;186.16
2007-10-22;170.35;174.9;169.96;174.36
2007-10-19;174.24;174.63;170;170.42
2007-10-18;171.5;174.19;171.05;173.5
2007-10-17;172.69;173.04;169.18;172.75
2007-10-16;165.54;170.18;165.15;169.58
2007-10-15;167.98;169.57;163.5;166.98
2007-10-12;163.01;167.28;161.8;167.25
2007-10-11;169.49;171.88;153.21;162.23
2007-10-10;167.55;167.88;165.6;166.79
2007-10-09;170.2;171.11;166.68;167.86
2007-10-08;163.49;167.91;162.97;167.91
2007-10-05;158.37;161.58;157.7;161.45
2007-10-04;158;158.08;153.5;156.24
2007-10-03;157.78;159.18;157.01;157.92
2007-10-02;156.55;158.59;155.89;158.45
2007-10-01;154.63;157.41;152.93;156.34
2007-09-28;153.44;154.6;152.75;153.47
2007-09-27;153.77;154.52;152.32;154.5
2007-09-26;154.47;155;151.25;152.77
2007-09-25;146.84;153.22;146.82;153.18
2007-09-24;146.73;149.85;146.65;148.28
2007-09-21;141.14;144.65;140.31;144.15
2007-09-20;140.15;141.79;139.32;140.31
2007-09-19;143.02;143.16;139.4;140.77
2007-09-18;139.06;142.85;137.83;140.92
2007-09-17;138.99;140.59;137.6;138.41
2007-09-14;136.57;138.98;136.2;138.81
2007-09-13;138.83;139;136.65;137.2
2007-09-12;135.99;139.4;135.75;136.85
2007-09-11;137.9;138.3;133.75;135.49
2007-09-10;136.99;138.04;133.95;136.71
2007-09-07;132.01;132.3;130;131.77
2007-09-06;135.56;137.57;132.71;135.01
2007-09-05;144.97;145.84;136.1;136.76
2007-09-04;139.94;145.73;139.84;144.16
2007-08-31;139.49;139.65;137.41;138.48
2007-08-30;132.67;138.25;132.3;136.25
2007-08-29;129.88;134.18;129.54;134.08
2007-08-28;130.99;132.41;126.63;126.82
2007-08-27;133.39;134.66;132.1;132.25
2007-08-24;130.53;135.37;129.81;135.3
2007-08-23;133.09;133.34;129.76;131.07
2007-08-22;131.22;132.75;130.33;132.51
2007-08-21;122.21;128.96;121;127.57
2007-08-20;123.96;124.5;120.5;122.22
2007-08-17;122.01;123.5;119.82;122.06
2007-08-16;117.01;118.5;111.62;117.05
2007-08-15;122.74;124.86;119.65;119.9
2007-08-14;128.29;128.3;123.71;124.03
2007-08-13;128.32;129.35;126.5;127.79
2007-08-10;123.12;127.75;120.3;125
2007-08-09;131.11;133;125.09;126.39
2007-08-08;136.76;136.86;132;134.01
2007-08-07;134.94;137.24;132.63;135.03
2007-08-06;132.9;135.27;128.3;135.25
2007-08-03;135.26;135.95;131.5;131.85
2007-08-02;136.65;136.96;134.15;136.49
2007-08-01;133.64;135.38;127.77;135
2007-07-31;142.97;143.48;131.52;131.76
2007-07-30;144.33;145.45;139.57;141.43
2007-07-27;146.19;148.92;143.78;143.85
2007-07-26;145.91;148.5;136.96;146
2007-07-25;137.35;138.36;135;137.26
2007-07-24;138.88;141;134.15;134.89
2007-07-23;143.31;145.22;140.93;143.7
2007-07-20;141.65;144.18;140;143.75
2007-07-19;140.3;140.81;139.65;140
2007-07-18;138.19;138.44;136.04;138.12
2007-07-17;138.3;139.6;137.5;138.91
2007-07-16;138.39;139.98;137.5;138.1
2007-07-13;135.03;137.85;134.52;137.73
2007-07-12;133.85;134.24;132.39;134.07
2007-07-11;132.07;133.7;131.31;132.39
2007-07-10;128.88;134.5;128.81;132.35
2007-07-09;132.38;132.9;129.18;130.33
2007-07-06;133.13;133.34;130.4;132.3
2007-07-05;128.8;132.97;128.69;132.75
2007-07-03;122;127.4;121.5;127.17
2007-07-02;121.05;122.09;119.3;121.26
2007-06-29;121.97;124;121.09;122.04
2007-06-28;122.36;122.49;120;120.56
2007-06-27;120.61;122.04;119.26;121.89
2007-06-26;123.98;124;118.72;119.65
2007-06-25;124.19;125.09;121.06;122.34
2007-06-22;123.85;124.45;122.38;123
2007-06-21;121.7;124.29;120.72;123.9
2007-06-20;123.87;124.66;121.5;121.55
2007-06-19;124.69;125.01;122.91;123.66
2007-06-18;123.28;125.18;122.54;125.09
2007-06-15;120.62;120.67;119.86;120.5
2007-06-14;117.2;119.45;116.42;118.75
2007-06-13;121.15;121.19;115.4;117.5
2007-06-12;119.35;121.71;118.31;120.38
2007-06-11;126;126.15;119.54;120.19
2007-06-08;125.82;125.83;122.29;124.49
2007-06-07;124.99;127.61;123.19;124.07
2007-06-06;122.3;124.05;121.95;123.64
2007-06-05;121.41;122.69;120.5;122.67
2007-06-04;118.63;121.73;117.9;121.33
2007-06-01;121.1;121.19;118.29;118.4
2007-05-31;120.07;122.17;119.54;121.19
2007-05-30;114.3;118.88;113.53;118.77
2007-05-29;114.45;114.86;112.69;114.35
2007-05-25;112;113.78;111.5;113.62
2007-05-24;112.81;114.46;110.37;110.69
2007-05-23;114.02;115;112.59;112.89
2007-05-22;112.49;113.75;112.01;113.54
2007-05-21;110.31;112.45;110.05;111.98
2007-05-18;110.23;110.64;109.77;110.02
2007-05-17;107.15;109.87;107.15;109.44
2007-05-16;108.53;108.83;103.42;107.34
2007-05-15;109.57;110.2;106.48;107.52
2007-05-14;109.62;110;108.25;109.36
2007-05-11;107.74;109.13;106.78;108.74
2007-05-10;106.63;108.84;105.92;107.34
2007-05-09;104.91;106.96;104.89;106.88
2007-05-08;103.47;105.15;103.42;105.06
2007-05-07;101.08;104.35;101.01;103.92
2007-05-04;100.8;101.6;100.5;100.81
2007-05-03;100.73;101.45;100.01;100.4
2007-05-02;99.65;100.54;99.47;100.39
2007-05-01;99.59;100.35;98.55;99.47
2007-04-30;100.09;101;99.67;99.8
2007-04-27;98.18;99.95;97.69;99.92
2007-04-26;101.58;102.5;98.3;98.84
2007-04-25;94.23;95.4;93.8;95.35
2007-04-24;93.96;96.39;91.3;93.24
2007-04-23;91.59;93.8;91.42;93.51
2007-04-20;90.89;91.18;90.55;90.97
2007-04-19;90.19;91.25;89.83;90.27
2007-04-18;90.16;90.85;89.6;90.4
2007-04-17;92;92.3;89.7;90.35
2007-04-16;90.57;91.5;90.25;91.43
2007-04-13;90.9;91.4;90.06;90.24
2007-04-12;92.04;92.31;90.72;92.19
2007-04-11;93.9;93.95;92.33;92.59
2007-04-10;93.67;94.26;93.41;94.25
2007-04-09;95.21;95.3;93.04;93.65
2007-04-05;94.12;94.68;93.52;94.68
2007-04-04;94.94;95.14;94.13;94.27
2007-04-03;94.14;95.23;93.76;94.5
2007-04-02;94.14;94.25;93.02;93.65
2007-03-30;94.28;94.68;92.75;92.91
2007-03-29;94.19;94.19;92.23;93.75
2007-03-28;94.88;95.4;93.15;93.24
2007-03-27;95.71;96.83;95;95.46
2007-03-26;93.99;95.9;93.3;95.85
2007-03-23;93.35;94.07;93.3;93.52
2007-03-22;93.73;94.36;93;93.96
2007-03-21;91.99;94;91.65;93.87
2007-03-20;91.35;91.84;91.06;91.48
2007-03-19;90.24;91.55;89.59;91.13
2007-03-16;89.54;89.99;89.32;89.59
2007-03-15;89.96;90.36;89.31;89.57
2007-03-14;88.6;90;87.92;90
2007-03-13;89.41;90.6;88.4;88.4
2007-03-12;88.07;89.99;87.99;89.87
2007-03-09;88.8;88.85;87.4;87.97
2007-03-08;88.59;88.72;87.46;88
2007-03-07;88.05;88.97;87.45;87.72
2007-03-06;87.8;88.31;87.4;88.19
2007-03-05;85.89;88.65;85.76;86.32
2007-03-02;86.77;87.54;85.21;85.41
2007-03-01;84.03;88.31;83.75;87.06
2007-02-28;83;85.6;83;84.61
2007-02-27;86.3;87.08;83.41;83.93
2007-02-26;89.84;90;87.61;88.51
2007-02-23;89.16;90.34;88.85;89.07
2007-02-22;90.8;90.81;88.53;89.51
2007-02-21;85.98;89.49;85.96;89.2
2007-02-20;84.65;86.16;84.16;85.9
2007-02-16;85.25;85.41;84.66;84.83
2007-02-15;85.44;85.62;84.78;85.21
2007-02-14;84.63;85.64;84.57;85.3
2007-02-13;85.16;85.29;84.3;84.7
2007-02-12;84.43;85.18;83.63;84.88
2007-02-09;85.88;86.2;83.21;83.27
2007-02-08;85.43;86.51;85.41;86.18
2007-02-07;84.48;86.38;83.55;86.15
2007-02-06;84.45;84.47;82.86;84.15
2007-02-05;84.3;85.23;83.94;83.94
2007-02-02;84.12;85.25;83.7;84.75
2007-02-01;86.23;86.27;84.74;84.74
2007-01-31;84.86;86;84.35;85.73
2007-01-30;86.43;86.49;85.25;85.55
2007-01-29;86.3;86.65;85.53;85.94
2007-01-26;87.11;87.37;84.99;85.38
2007-01-25;87.11;88.5;86.03;86.25
2007-01-24;86.68;87.15;86.08;86.7
2007-01-23;85.73;87.51;85.51;85.7
2007-01-22;89.14;89.16;85.65;86.79
2007-01-19;88.63;89.65;88.12;88.5
2007-01-18;92.1;92.11;89.05;89.07
2007-01-17;97.56;97.6;94.82;94.95
2007-01-16;95.68;97.25;95.45;97.1
2007-01-12;94.59;95.06;93.23;94.62
2007-01-11;95.94;96.78;95.1;95.8
2007-01-10;94.75;97.8;93.45;97
2007-01-09;86.45;92.98;85.15;92.57
2007-01-08;85.96;86.53;85.28;85.47
2007-01-05;85.77;86.2;84.4;85.05
2007-01-04;84.05;85.95;83.82;85.66
2007-01-03;86.29;86.58;81.9;83.8
2006-12-29;83.95;85.4;83.36;84.84
2006-12-28;80.22;81.25;79.65;80.87
2006-12-27;78.15;82;76.77;81.52
2006-12-26;82.15;82.57;80.89;81.51
2006-12-22;83.46;84.04;81.6;82.2
2006-12-21;84.7;85.48;82.2;82.9
2006-12-20;86.47;86.67;84.74;84.76
2006-12-19;84.73;86.68;83.62;86.31
2006-12-18;87.63;88;84.59;85.47
2006-12-15;89.02;89.22;87.33;87.72
2006-12-14;89.05;90;88.26;88.55
2006-12-13;87.95;89.07;87.15;89.05
2006-12-12;88.61;88.84;85.53;86.14
2006-12-11;88.9;89.3;88.05;88.75
2006-12-08;87.23;89.39;87;88.26
2006-12-07;90.03;90.5;86.9;87.04
2006-12-06;90.64;91.39;89.67;89.83
2006-12-05;91.65;92.33;90.87;91.27
2006-12-04;91.88;92.05;90.5;91.12
2006-12-01;91.8;92.33;90.1;91.32
2006-11-30;92.21;92.68;91.06;91.66
2006-11-29;93;93.15;90.25;91.8
2006-11-28;90.36;91.97;89.91;91.81
2006-11-27;92.51;93.16;89.5;89.54
2006-11-24;89.53;93.08;89.5;91.63
2006-11-22;88.99;90.75;87.85;90.31
2006-11-21;87.42;88.6;87.11;88.6
2006-11-20;85.4;87;85.2;86.47
2006-11-17;85.14;85.94;85;85.85
2006-11-16;84.87;86.3;84.62;85.61
2006-11-15;85.05;85.9;84;84.05
2006-11-14;84.8;85;83.9;85
2006-11-13;83.22;84.45;82.64;84.35
2006-11-10;83.55;83.6;82.5;83.12
2006-11-09;82.9;84.69;82.12;83.34
2006-11-08;80.02;82.69;79.89;82.45
2006-11-07;80.45;81;80.13;80.51
2006-11-06;78.95;80.06;78.43;79.71
2006-11-03;79.36;79.53;77.79;78.29
2006-11-02;78.92;79.32;78.5;78.98
2006-11-01;81.1;81.38;78.36;79.16
2006-10-31;81.45;81.68;80.23;81.08
2006-10-30;79.99;80.9;79.5;80.42
2006-10-27;81.75;82.45;80.01;80.41
2006-10-26;81.9;82.6;81.13;82.19
2006-10-25;81.35;82;81.01;81.68
2006-10-24;81.21;81.68;80.2;81.05
2006-10-23;79.99;81.9;79.75;81.46
2006-10-20;78.97;79.99;78.67;79.95
2006-10-19;79.26;79.95;78.16;78.99
2006-10-18;74.75;75.37;73.91;74.53
2006-10-17;75.04;75.27;74.04;74.29
2006-10-16;75.19;75.88;74.79;75.4
2006-10-13;75.63;76.88;74.74;75.02
2006-10-12;73.61;75.39;73.6;75.26
2006-10-11;73.42;73.98;72.6;73.23
2006-10-10;74.54;74.58;73.08;73.81
2006-10-09;73.8;75.08;73.53;74.63
2006-10-06;74.42;75.04;73.81;74.22
2006-10-05;74.53;76.16;74.13;74.83
2006-10-04;74.1;75.46;73.16;75.38
2006-10-03;74.45;74.95;73.19;74.08
2006-10-02;75.1;75.87;74.3;74.86
2006-09-29;77.11;77.52;76.68;76.98
2006-09-28;77.02;77.48;75.95;77.01
2006-09-27;77.17;77.47;75.82;76.41
2006-09-26;76.18;77.78;76.1;77.61
2006-09-25;73.81;75.86;73.72;75.75
2006-09-22;74.3;74.34;72.58;73
2006-09-21;75.25;76.06;74.02;74.65
2006-09-20;74.38;75.68;74.22;75.26
2006-09-19;74.1;74.36;72.8;73.77
2006-09-18;73.8;74.86;73.3;73.89
2006-09-15;74.6;74.98;73.29;74.1
2006-09-14;73.72;74.67;73.46;74.17
2006-09-13;72.85;74.32;72.3;74.2
2006-09-12;72.81;73.45;71.45;72.63
2006-09-11;72.43;73.73;71.42;72.5
2006-09-08;73.37;73.57;71.91;72.52
2006-09-07;70.6;73.48;70.25;72.8
2006-09-06;71.08;71.69;69.7;70.03
2006-09-05;68.97;71.5;68.55;71.48
2006-09-01;68.48;68.65;67.82;68.38
2006-08-31;67.28;68.3;66.66;67.85
2006-08-30;67.34;67.82;66.68;66.96
2006-08-29;66.99;67.26;65.12;66.48
2006-08-28;68.5;68.61;66.68;66.98
2006-08-25;67.34;69.05;67.31;68.75
2006-08-24;67.89;68.19;66.27;67.81
2006-08-23;68;68.65;66.94;67.31
2006-08-22;66.68;68.32;66.5;67.62
2006-08-21;67.3;67.31;66.15;66.56
2006-08-18;67.71;68.4;67.26;67.91
2006-08-17;68;68.66;67.18;67.59
2006-08-16;67.1;68.07;66.33;67.98
2006-08-15;65.34;66.5;64.8;66.45
2006-08-14;64.05;65.22;63.6;63.94
2006-08-11;63.23;64.13;62.58;63.65
2006-08-10;63.25;64.81;62.7;64.07
2006-08-09;65.43;65.6;63.4;63.59
2006-08-08;67.09;67.11;64.51;64.78
2006-08-07;67.72;69.6;66.31;67.21
2006-08-04;67.05;68.61;64.96;68.3
2006-08-03;67.91;70;67.81;69.59
2006-08-02;67.65;68.68;67.51;68.16
2006-08-01;67.22;67.93;65.94;67.18
2006-07-31;66.83;68.63;66.28;67.96
2006-07-28;63.94;65.68;63.5;65.59
2006-07-27;64.5;65.02;62.86;63.4
2006-07-26;62;64.64;61.68;63.87
2006-07-25;61.78;62.09;60.78;61.93
2006-07-24;61.26;62.1;60.43;61.42
2006-07-21;59.82;61.15;59.64;60.72
2006-07-20;60.96;61.59;59.72;60.5
2006-07-19;52.96;55.08;52.36;54.1
2006-07-18;53.16;53.85;51.85;52.9
2006-07-17;51.73;53.11;51.65;52.37
2006-07-14;52.5;52.89;50.16;50.67
2006-07-13;52.03;54.12;51.41;52.25
2006-07-12;55.17;55.24;52.92;52.96
2006-07-11;55.11;55.99;54.53;55.65
2006-07-10;55.7;56.49;54.5;55
2006-07-07;55.48;56.55;54.67;55.4
2006-07-06;57.09;57.4;55.61;55.77
2006-07-05;57.15;57.6;56.56;57
2006-07-03;57.52;58.18;57.34;57.95
2006-06-30;57.59;57.75;56.5;57.27
2006-06-29;56.76;59.09;56.39;58.97
2006-06-28;57.29;57.3;55.41;56.02
2006-06-27;59.09;59.22;57.4;57.43
2006-06-26;59.17;59.2;58.37;58.99
2006-06-23;59.72;60.17;58.73;58.83
2006-06-22;58.2;59.75;58.07;59.58
2006-06-21;57.74;58.71;57.3;57.86
2006-06-20;57.61;58.35;57.29;57.47
2006-06-19;57.83;58.18;57;57.2
2006-06-16;58.96;59.19;57.52;57.56
2006-06-15;57.3;59.74;56.75;59.38
2006-06-14;58.28;58.78;56.69;57.61
2006-06-13;57.61;59.1;57.36;58.33
2006-06-12;59.4;59.73;56.96;57
2006-06-09;61.18;61.56;59.1;59.24
2006-06-08;58.44;60.93;57.15;60.76
2006-06-07;60.1;60.4;58.35;58.56
2006-06-06;60.22;60.63;58.91;59.72
2006-06-05;61.15;61.15;59.97;60
2006-06-02;62.99;63.1;60.88;61.66
2006-06-01;59.85;62.28;59.52;62.17
2006-05-31;61.76;61.79;58.69;59.77
2006-05-30;63.29;63.3;61.22;61.22
2006-05-26;64.31;64.56;63.14;63.55
2006-05-25;64.26;64.45;63.29;64.33
2006-05-24;62.99;63.65;61.56;63.34
2006-05-23;64.86;65.19;63;63.15
2006-05-22;63.87;63.99;62.77;63.38
2006-05-19;63.26;64.88;62.82;64.51
2006-05-18;65.68;66.26;63.12;63.18
2006-05-17;64.71;65.7;64.07;65.26
2006-05-16;68.1;68.25;64.75;64.98
2006-05-15;67.37;68.38;67.12;67.79
2006-05-12;67.85;68.69;66.86;67.7
2006-05-11;70.79;70.84;67.55;68.15
2006-05-10;71.29;71.33;69.61;70.6
2006-05-09;71.82;72.56;70.62;71.03
2006-05-08;72.99;73.8;71.72;71.89
2006-05-05;71.86;72.25;71.15;71.89
2006-05-04;71.22;72.89;70.46;71.13
2006-05-03;71.83;71.95;70.18;71.14
2006-05-02;70.15;71.98;70.11;71.62
2006-05-01;70.77;71.54;69.16;69.6
2006-04-28;69.38;71.3;69.2;70.39
2006-04-27;67.73;69.86;67.35;69.36
2006-04-26;66.65;68.28;66.4;68.15
2006-04-25;65.96;66.59;65.56;66.17
2006-04-24;66.85;66.92;65.5;65.75
2006-04-21;68.19;68.64;66.47;67.04
2006-04-20;69.51;70;66.2;67.63
2006-04-19;66.82;67;65.47;65.65
2006-04-18;65.04;66.47;64.79;66.22
2006-04-17;66.51;66.84;64.35;64.81
2006-04-13;66.34;67.44;65.81;66.47
2006-04-12;68.01;68.17;66.3;66.71
2006-04-11;68.99;69.3;67.07;67.99
2006-04-10;70.29;70.93;68.45;68.67
2006-04-07;70.93;71.21;68.47;69.79
2006-04-06;68.3;72.05;68.2;71.24
2006-04-05;64.71;67.21;64.15;67.21
2006-04-04;62.1;62.22;61.05;61.17
2006-04-03;63.67;64.12;62.61;62.65
2006-03-31;63.25;63.61;62.24;62.72
2006-03-30;62.82;63.3;61.53;62.75
2006-03-29;59.13;62.52;57.67;62.33
2006-03-28;59.63;60.14;58.25;58.71
2006-03-27;60.35;61.38;59.4;59.51
2006-03-24;60.25;60.94;59.03;59.96
2006-03-23;61.82;61.9;59.61;60.16
2006-03-22;62.16;63.25;61.27;61.67
2006-03-21;64.29;64.34;61.39;61.81
2006-03-20;65.22;65.46;63.87;63.99
2006-03-17;64.75;65.54;64.11;64.66
2006-03-16;66.85;66.9;64.3;64.31
2006-03-15;67.71;68.04;65.52;66.23
2006-03-14;65.77;67.32;65.5;67.32
2006-03-13;65.05;66.28;64.79;65.68
2006-03-10;64.05;64.49;62.45;63.19
2006-03-09;65.98;66.47;63.81;63.93
2006-03-08;66.29;67.2;65.35;65.66
2006-03-07;65.76;66.9;65.08;66.31
2006-03-06;67.69;67.72;64.94;65.48
2006-03-03;69.4;69.91;67.53;67.72
2006-03-02;68.99;69.99;68.67;69.61
2006-03-01;68.84;69.49;68.02;69.1
2006-02-28;71.58;72.4;68.1;68.49
2006-02-27;71.99;72.12;70.65;70.99
2006-02-24;72.14;72.89;71.2;71.46
2006-02-23;71.79;73;71.43;71.75
2006-02-22;69;71.67;68;71.32
2006-02-21;70.59;70.8;68.68;69.08
2006-02-17;70.3;70.89;69.61;70.29
2006-02-16;69.91;71.01;69.48;70.57
2006-02-15;67.16;69.62;66.75;69.22
2006-02-14;65.1;68.1;65;67.64
2006-02-13;66.63;66.75;64.64;64.71
2006-02-10;65.18;67.67;62.9;67.31
2006-02-09;69.1;69.23;64.53;64.95
2006-02-08;68.49;69.08;66;68.81
2006-02-07;68.27;69.48;66.68;67.6
2006-02-06;72.02;72.51;66.74;67.3
2006-02-03;72.24;72.79;71.04;71.85
2006-02-02;75.1;75.36;72.05;72.1
2006-02-01;74.95;76.46;74.64;75.42
2006-01-31;75.5;76.34;73.75;75.51
2006-01-30;71.17;76.6;70.87;75
2006-01-27;72.95;73.6;71.1;72.03
2006-01-26;74.53;75.43;71.93;72.33
2006-01-25;77.39;77.5;73.25;74.2
2006-01-24;78.76;79.42;75.77;76.04
2006-01-23;76.1;79.56;76;77.67
2006-01-20;79.28;80.04;75.83;76.09
2006-01-19;81.25;81.66;78.74;79.04
2006-01-18;83.08;84.05;81.85;82.49
2006-01-17;85.7;86.38;83.87;84.71
2006-01-13;84.99;86.01;84.6;85.59
2006-01-12;84.97;86.4;83.62;84.29
2006-01-11;83.84;84.8;82.59;83.9
2006-01-10;76.25;81.89;75.83;80.86
2006-01-09;76.73;77.2;75.74;76.05
2006-01-06;75.25;76.7;74.55;76.3
2006-01-05;74.83;74.9;73.75;74.38
2006-01-04;75.13;75.98;74.5;74.97
2006-01-03;72.38;74.75;72.25;74.75
2005-12-30;70.91;72.43;70.34;71.89
2005-12-29;73.78;73.82;71.42;71.45
2005-12-28;74.47;74.76;73.32;73.57
2005-12-27;74;75.18;73.95;74.23
2005-12-23;74.17;74.26;73.3;73.35
2005-12-22;73.91;74.49;73.6;74.02
2005-12-21;72.6;73.61;72.54;73.5
2005-12-20;71.63;72.38;71.12;72.11
2005-12-19;71.11;72.6;71.04;71.38
2005-12-16;72.14;72.3;71.06;71.11
2005-12-15;72.68;72.86;71.35;72.18
2005-12-14;72.53;73.3;70.27;72.01
2005-12-13;74.85;75.46;74.21;74.98
2005-12-12;74.87;75.35;74.56;74.91
2005-12-09;74.21;74.59;73.35;74.33
2005-12-08;73.2;74.17;72.6;74.08
2005-12-07;74.23;74.46;73.12;73.95
2005-12-06;73.93;74.83;73.35;74.05
2005-12-05;71.95;72.53;71.49;71.82
2005-12-02;72.27;72.74;70.7;72.63
2005-12-01;68.95;71.73;68.81;71.6
2005-11-30;68.43;68.85;67.52;67.82
2005-11-29;69.99;70.3;67.35;68.1
2005-11-28;70.72;71.07;69.07;69.66
2005-11-25;67.66;69.54;67.5;69.34
2005-11-23;66.88;67.98;66.69;67.11
2005-11-22;64.84;66.76;64.52;66.52
2005-11-21;64.82;65.19;63.72;64.96
2005-11-18;65.31;65.43;64.37;64.56
2005-11-17;65.59;65.88;64.25;64.52
2005-11-16;63.15;65.06;63.09;64.95
2005-11-15;61.6;63.08;61.46;62.28
2005-11-14;61.54;61.98;60.91;61.45
2005-11-11;61.54;62.11;61.34;61.54
2005-11-10;60.64;61.2;59.01;61.18
2005-11-09;60;61.21;60;60.11
2005-11-08;59.95;60.38;59.1;59.9
2005-11-07;60.85;61.67;60.14;60.23
2005-11-04;60.35;61.24;59.62;61.15
2005-11-03;60.26;62.32;60.07;61.85
2005-11-02;57.72;60;57.6;59.95
2005-11-01;57.24;58.14;56.87;57.5
2005-10-31;55.2;57.98;54.75;57.59
2005-10-28;56.04;56.43;54.17;54.47
2005-10-27;56.99;57.01;55.41;55.41
2005-10-26;56.28;57.56;55.92;57.03
2005-10-25;56.4;56.85;55.69;56.1
2005-10-24;55.25;56.79;55.09;56.79
2005-10-21;56.84;56.98;55.36;55.66
2005-10-20;54.47;56.5;54.35;56.14
2005-10-19;52.07;54.96;51.21;54.94
2005-10-18;53.25;53.95;52.2;52.21
2005-10-17;53.98;54.23;52.68;53.44
2005-10-14;54.03;54.35;52.79;54
2005-10-13;49.44;53.95;49.27;53.74
2005-10-12;48.65;50.3;47.87;49.25
2005-10-11;51.23;51.87;50.4;51.59
2005-10-10;51.76;51.91;50.28;50.37
2005-10-07;51.72;51.93;50.55;51.3
2005-10-06;53.2;53.49;50.87;51.7
2005-10-05;54.33;54.36;52.75;52.78
2005-10-04;54.95;55.35;53.64;53.75
2005-10-03;54.16;54.54;53.68;54.44
2005-09-30;52.33;53.65;51.88;53.61
2005-09-29;51.23;52.59;50.81;52.34
2005-09-28;53.07;53.11;50.59;51.08
2005-09-27;53.92;54.24;53.43;53.44
2005-09-26;54.03;54.56;53.32;53.84
2005-09-23;52.1;53.5;51.84;53.2
2005-09-22;51.88;52.47;51.32;51.9
2005-09-21;52.96;53.05;51.86;52.11
2005-09-20;52.99;53.81;52.92;53.19
2005-09-19;51.05;52.89;51.05;52.64
2005-09-16;50.23;51.21;49.95;51.21
2005-09-15;50;50.18;49.33;49.87
2005-09-14;51.06;51.19;49.46;49.61
2005-09-13;51.02;51.29;50.32;50.82
2005-09-12;51.1;51.63;50.58;51.4
2005-09-09;50.07;51.35;49.79;51.31
2005-09-08;49.35;50.12;49.14;49.78
2005-09-07;49.05;49.4;47.92;48.68
2005-09-06;46.7;48.88;46.55;48.8
2005-09-02;46.3;46.8;46.12;46.22
2005-09-01;47;47.17;46.09;46.26
2005-08-31;46.86;47.03;46.27;46.89
2005-08-30;45.99;46.79;45.92;46.57
2005-08-29;45.27;46.03;45.26;45.84
2005-08-26;46.12;46.34;45.36;45.74
2005-08-25;46.12;46.49;45.81;46.06
2005-08-24;45.6;47.12;45.59;45.77
2005-08-23;45.85;46.1;45.32;45.74
2005-08-22;46.15;46.75;45.26;45.87
2005-08-19;46.28;46.7;45.77;45.83
2005-08-18;46.91;47;45.75;46.3
2005-08-17;46.4;47.44;46.37;47.15
2005-08-16;47.39;47.5;46.21;46.25
2005-08-15;46.48;48.33;46.45;47.68
2005-08-12;43.46;46.22;43.36;46.1
2005-08-11;43.39;44.12;43.25;44
2005-08-10;44;44.39;43.31;43.38
2005-08-09;42.93;43.89;42.91;43.82
2005-08-08;43;43.25;42.61;42.65
2005-08-05;42.49;43.36;42.02;42.99
2005-08-04;42.89;43;42.29;42.71
2005-08-03;43.19;43.31;42.77;43.22
2005-08-02;42.89;43.5;42.61;43.19
2005-08-01;42.57;43.08;42.08;42.75
2005-07-29;43.56;44.38;42.26;42.65
2005-07-28;43.85;44;43.3;43.8
2005-07-27;43.83;44.07;42.67;43.99
2005-07-26;44.01;44.11;43.36;43.63
2005-07-25;43.99;44.28;43.73;43.81
2005-07-22;43.44;44;43.39;44
2005-07-21;43.7;44.04;42.9;43.29
2005-07-20;42.86;43.8;42.65;43.63
2005-07-19;41.52;43.23;41.07;43.19
2005-07-18;41.41;42.1;41.37;41.49
2005-07-15;40.97;41.57;40.46;41.55
2005-07-14;40.79;42.01;40.23;40.75
2005-07-13;38.29;38.5;37.9;38.35
2005-07-12;38.23;38.4;37.91;38.24
2005-07-11;38.37;38.65;37.78;38.1
2005-07-08;37.87;38.28;37.47;38.25
2005-07-07;36.81;37.76;36.8;37.63
2005-07-06;37.71;38.16;37.2;37.39
2005-07-05;36.55;38.15;36.5;37.98
2005-07-01;36.83;36.97;36.29;36.5
2005-06-30;36.61;37.16;36.31;36.81
2005-06-29;37.23;37.29;36.12;36.37
2005-06-28;37.49;37.59;37.17;37.31
2005-06-27;36.84;38.1;36.68;37.1
2005-06-24;39.09;39.12;37.68;37.76
2005-06-23;38.83;39.78;38.65;38.89
2005-06-22;38.26;38.6;38.14;38.55
2005-06-21;37.72;38.19;37.38;37.86
2005-06-20;37.85;38.09;37.45;37.61
2005-06-17;38.47;38.54;37.83;38.31
2005-06-16;37.19;38.08;36.82;37.98
2005-06-15;36.87;37.3;36.3;37.13
2005-06-14;35.92;36.15;35.75;36
2005-06-13;35.89;36.61;35.82;35.9
2005-06-10;37.4;37.4;35.52;35.81
2005-06-09;37;37.94;36.82;37.65
2005-06-08;36.63;37.25;36.57;36.92
2005-06-07;37.6;37.73;36.45;36.54
2005-06-06;38.33;38.63;37.56;37.92
2005-06-03;38.16;38.58;37.77;38.24
2005-06-02;40.05;40.32;39.6;40.04
2005-06-01;39.89;40.76;39.86;40.3
2005-05-31;40.66;40.74;39.58;39.76
2005-05-27;40.64;40.79;40.01;40.56
2005-05-26;39.94;40.94;39.94;40.74
2005-05-25;39.5;39.95;39.32;39.78
2005-05-24;39.45;39.99;39.03;39.7
2005-05-23;37.85;39.9;37.85;39.76
2005-05-20;37.25;37.65;37.19;37.55
2005-05-19;35.78;37.68;35.78;37.55
2005-05-18;35.45;37.56;34.99;35.84
2005-05-17;35.14;35.46;34.54;35.36
2005-05-16;34.56;35.7;34.53;35.55
2005-05-13;34.2;35.23;34.07;34.77
2005-05-12;35.42;35.59;34;34.13
2005-05-11;35.2;35.67;33.11;35.61
2005-05-10;36.75;37.25;36.33;36.42
2005-05-09;37.28;37.45;36.75;36.97
2005-05-06;36.89;37.33;36.79;37.24
2005-05-05;37.25;37.27;36.47;36.68
2005-05-04;36.11;37.2;36.1;37.15
2005-05-03;36.4;36.74;36.03;36.21
2005-05-02;36.21;36.65;36.02;36.43
2005-04-29;36.15;36.23;35.22;36.06
2005-04-28;36.29;36.34;35.24;35.54
2005-04-27;35.89;36.36;35.51;35.95
2005-04-26;36.78;37.51;36.12;36.19
2005-04-25;36.49;37.02;36.11;36.98
2005-04-22;36.84;37;34.9;35.5
2005-04-21;36.4;37.21;35.9;37.18
2005-04-20;37.66;37.74;35.44;35.51
2005-04-19;36.6;37.44;35.87;37.09
2005-04-18;35;36.3;34;35.62
2005-04-15;36.62;37.25;35.28;35.35
2005-04-14;38.81;39.56;36.84;37.26
2005-04-13;42.95;42.99;40.39;41.04
2005-04-12;42.49;43.19;42.01;42.66
2005-04-11;44.15;44.25;41.91;41.92
2005-04-08;43.7;44.45;43.54;43.74
2005-04-07;42.33;43.75;42.25;43.56
2005-04-06;42.4;42.81;42.15;42.33
2005-04-05;41.22;42.24;41.09;41.89
2005-04-04;40.99;41.31;40.16;41.09
2005-04-01;42.09;42.18;40.57;40.89
2005-03-31;42.45;42.52;41.59;41.67
2005-03-30;42.07;42.8;41.82;42.8
2005-03-29;42.56;42.83;41.5;41.75
2005-03-28;42.75;42.96;42.47;42.53
2005-03-24;42.91;43;42.5;42.5
2005-03-23;42.45;43.4;42.02;42.55
2005-03-22;43.71;43.96;42.68;42.83
2005-03-21;43.29;43.97;42.86;43.7
2005-03-18;43.33;43.44;42.5;42.96
2005-03-17;41.53;42.88;41.32;42.25
2005-03-16;41.21;42.31;40.78;41.18
2005-03-15;40.64;41.14;40.25;40.96
2005-03-14;40.52;40.79;39.52;40.32
2005-03-11;40.21;40.59;39.8;40.27
2005-03-10;39.53;40.26;39.1;39.83
2005-03-09;39.64;40.28;38.83;39.35
2005-03-08;41.9;42.16;40.1;40.53
2005-03-07;42.8;43.25;42.35;42.75
2005-03-04;42.76;43.01;41.85;42.81
2005-03-03;44.37;44.41;41.22;41.79
2005-03-02;44.25;44.89;44.08;44.12
2005-03-01;44.99;45.11;44.16;44.5
2005-02-28;44.68;45.14;43.96;44.86
2005-02-25;89.62;89.91;88.19;88.99
2005-02-24;88.48;89.31;87.73;88.93
2005-02-23;86.72;88.45;85.55;88.23
2005-02-22;86.3;88.3;85.29;85.29
2005-02-18;87.74;87.86;86.25;86.81
2005-02-17;90.65;90.88;87.45;87.81
2005-02-16;88.15;90.2;87.35;90.13
2005-02-15;86.66;89.08;86;88.41
2005-02-14;82.73;84.79;82.05;84.63
2005-02-11;79.86;81.76;78.94;81.21
2005-02-10;78.72;79.28;76.66;78.36
2005-02-09;81.04;81.99;78.1;78.74
2005-02-08;79.07;81.38;78.79;80.9
2005-02-07;78.93;79.35;77.5;78.94
2005-02-04;77.87;78.93;77.53;78.84
2005-02-03;79.1;79.43;77.33;77.81
2005-02-02;77.95;79.91;77.69;79.63
2005-02-01;77.05;77.77;76.58;77.53
2005-01-31;74.58;77.89;74.51;76.9
2005-01-28;72.62;73.98;72.44;73.98
2005-01-27;72.16;72.92;71.55;72.64
2005-01-26;72.66;72.75;71.22;72.25
2005-01-25;71.37;72.84;70.94;72.05
2005-01-24;70.98;71.78;70.55;70.76
2005-01-21;71.31;71.6;70;70.49
2005-01-20;69.65;71.27;69.47;70.46
2005-01-19;70.49;71.46;69.75;69.88
2005-01-18;69.85;70.7;67.75;70.65
2005-01-14;70.25;71.72;69.19;70.2
2005-01-13;73.71;74.42;69.73;69.8
2005-01-12;65.45;65.9;63.3;65.46
2005-01-11;68.25;69.15;64.14;64.56
2005-01-10;69.83;70.7;67.88;68.96
2005-01-07;65;69.63;64.75;69.25
2005-01-06;64.67;64.91;63.33;64.55
2005-01-05;64.46;65.25;64.05;64.5
2005-01-04;63.79;65.47;62.97;63.94
2005-01-03;64.78;65.11;62.6;63.29
2004-12-31;64.89;65;64.03;64.4
2004-12-30;64.81;65.03;64.22;64.8
2004-12-29;63.81;64.98;63.57;64.44
2004-12-28;63.3;64.25;62.05;64.18
2004-12-27;64.8;65.15;62.88;63.16
2004-12-23;63.75;64.25;63.6;64.01
2004-12-22;63.66;64.36;63.4;63.75
2004-12-21;63.56;63.77;61.6;63.69
2004-12-20;65.47;66;61.76;62.72
2004-12-17;66.84;67.04;64.9;64.99
2004-12-16;66.15;67.5;66.05;66.6
2004-12-15;65.24;65.46;64.66;65.26
2004-12-14;65.4;65.88;65.02;65.29
2004-12-13;65.62;65.9;64.6;64.91
2004-12-10;65.03;66.05;64.7;65.15
2004-12-09;62.81;64.4;62.07;63.99
2004-12-08;63.08;64.43;62.05;63.28
2004-12-07;65.93;66.73;62.56;62.89
2004-12-06;64.25;66.24;62.95;65.78
2004-12-03;64.53;65;61.75;62.68
2004-12-02;66.13;66.9;64.66;65.21
2004-12-01;67.79;67.95;66.27;67.79
2004-11-30;68.79;68.79;67.05;67.05
2004-11-29;68.95;69.57;67.41;68.44
2004-11-26;65.35;65.76;64.34;64.55
2004-11-24;61.69;65.2;61.55;64.05
2004-11-23;62.3;62.45;61.05;61.27
2004-11-22;61.8;64;57.9;61.35
2004-11-19;55.49;56.91;54.5;55.17
2004-11-18;54.3;55.45;54.29;55.39
2004-11-17;55.19;55.45;54.22;54.9
2004-11-16;55.16;55.2;54.48;54.94
2004-11-15;55.2;55.46;54.34;55.24
2004-11-12;55.01;55.69;54.84;55.5
2004-11-11;54.95;55.43;54.23;55.3
2004-11-10;53.95;55.39;53.91;54.75
2004-11-09;54.23;54.55;53.38;54.05
2004-11-08;54.27;55.45;53.86;54.38
2004-11-05;54.86;55;52.04;54.72
2004-11-04;55.03;55.55;54.37;54.45
2004-11-03;54.37;56.11;53.99;55.31
2004-11-02;52.4;54.08;52.4;53.5
2004-11-01;52.5;53.26;52.04;52.45
2004-10-29;51.84;53.2;51.8;52.4
2004-10-28;49.98;52.22;49.5;52.19
2004-10-27;48.51;50.62;48.17;50.3
2004-10-26;47.45;48.05;46.97;47.97
2004-10-25;47.2;47.84;47.07;47.55
2004-10-22;47.54;47.67;47.02;47.41
2004-10-21;47.48;48.13;47.36;47.94
2004-10-20;47.18;47.6;46.65;47.47
2004-10-19;48.1;48.35;47.31;47.42
2004-10-18;44.7;47.75;44.7;47.75
2004-10-15;44.88;45.61;44.19;45.5
2004-10-14;43.19;45.75;42.55;44.98
2004-10-13;38.87;39.76;38.74;39.75
2004-10-12;38.5;38.58;37.65;38.29
2004-10-11;38.8;39.06;38.2;38.59
2004-10-08;39.56;39.77;38.84;39.06
2004-10-07;40.54;40.93;39.46;39.62
2004-10-06;39.5;40.76;39.47;40.64
2004-10-05;38.56;39.67;38.4;39.37
2004-10-04;39.18;39.18;38.75;38.79
2004-10-01;39.12;39.19;38.58;38.67
2004-09-30;39;39.27;38.45;38.75
2004-09-29;37.93;38.86;37.82;38.68
2004-09-28;37.46;38.29;37.45;38.04
2004-09-27;36.95;37.98;36.83;37.53
2004-09-24;37.45;38;37.15;37.29
2004-09-23;37.04;37.5;36.93;37.27
2004-09-22;38.1;38.14;36.81;36.92
2004-09-21;37.75;38.87;37.46;38.01
2004-09-20;36.88;37.98;36.87;37.71
2004-09-17;36.55;37.38;36.4;37.14
2004-09-16;35.2;36.76;35.08;36.35
2004-09-15;35.36;35.48;34.8;35.2
2004-09-14;35.24;35.55;34.78;35.49
2004-09-13;35.88;36.07;35.32;35.59
2004-09-10;35.66;36.23;35.46;35.87
2004-09-09;36.1;36.3;35.28;35.7
2004-09-08;35.7;36.57;35.68;36.35
2004-09-07;35.4;36.19;35.23;35.76
2004-09-03;35.01;35.92;35.01;35.23
2004-09-02;35.5;35.81;34.83;35.66
2004-09-01;34.3;35.99;34.19;35.86
2004-08-31;34.07;34.95;34;34.49
2004-08-30;34;34.72;33.96;34.12
2004-08-27;34.68;34.76;34;34.35
2004-08-26;33.04;35.18;32.74;34.66
2004-08-25;31.87;33.15;31.73;33.05
2004-08-24;31.26;31.95;31.19;31.95
2004-08-23;30.86;31.27;30.6;31.08
2004-08-20;30.71;30.99;30.49;30.8
2004-08-19;31.51;31.86;30.36;30.71
