Open;High;Low;Close
607.35;611.65;605.51;609.9
607;607.94;600.35;606.11
611.96;616.78;606.71;607.94
603.87;617.88;602.88;614
604.97;607.63;602.4;604.64
602.82;608.81;597.73;606.52
612.93;612.93;602.56;605.56
611.54;612;604.76;609.76
610.5;613.84;610.02;612.2
607.88;608.13;604;605.91
612.02;614.5;609;611.46
608.64;611.35;604.74;609.85
607.15;609.39;603.76;606.77
595.01;610.83;594.01;609.09
590.66;597.07;588.05;596.33
584.87;586.41;582.08;585.11
584.94;585.5;579.14;580.83
583;584;575.15;580.11
578.05;580;573.4;577.69
570.78;580.32;569.33;579.98
571.98;574.48;564.55;568.1
577.51;578.71;566.38;569.49
586.32;587.68;578;580.93
586;588.66;583.16;585.52
590.53;591;581.7;585.99
640.99;640.99;631.46;639.57
626.63;634;622.12;632.91
631.98;631.98;625.68;628.58
626.26;626.95;621.06;624.99
631.22;632.89;626.5;629.64
623.5;629.39;621.12;625.96
629.75;633.8;616.91;623.14
646.5;647;621.23;622.46
659.15;660;649.79;650.02
662.13;663.97;656.23;659.01
665.03;670.25;660.62;668.28
652.94;668.15;652.37;665.41
642.02;646.76;642.02;645.9
641.49;643;635.2;642.4
642.75;645;638.1;639.7
632.05;644.49;632;640.25
632;634.68;630.56;633.14
627.95;631.73;627.01;629.7
630.01;631.82;618.96;625.82
628;631.84;627.99;630.37
628.01;628.5;620;621.83
624.32;629.32;621.47;625.96
622.52;624;618.69;619.54
621.85;624.32;612.49;618.07
628.76;636.56;622.85;625.63
621.88;626.18;620.29;625.39
618;629.13;617.01;627.42
621.04;627.45;615.3;616.05
621.68;625.66;618.1;623.39
622.99;628.62;620.24;623.77
627.64;631.9;622.4;625.65
617.05;624;616.26;620.36
600;616;599;613.77
597.95;599.51;592.09;599.39
587.88;590.36;581.33;582.93
579.37;588.82;576.5;588.19
565.19;574.27;561.33;563
575.35;580.25;570.11;570.11
580;584.97;575.24;580
587.76;588.5;572.09;580.94
602;604.5;593.75;594.88
610.05;612.29;596.78;600.87
612.08;618.3;610.61;611.47
612.8;618.08;610.5;616.56
608;618.08;607.78;613
601.3;612.09;598.6;608.35
605.93;605.95;591.56;595.08
604.26;609.39;598.66;600.95
609;614.37;603.6;612.34
593.32;608.78;592.23;608.33
593.5;599.74;592.43;596.14
587;597.5;583.72;597.5
584.9;587.96;580.48;584.82
580.1;585.51;576.75;578.65
595.09;599.69;591.67;592.64
594.52;602.3;594.25;600.14
598.42;602.7;593.3;598.67
589.55;590.18;572.86;586.31
593.1;595;582.85;583.16
586.72;599.97;586.5;596.42
589.51;592.75;586.7;590.49
581.9;588.89;579.51;583.67
587.34;592.06;579.22;580.7
580.19;592.56;577.4;590.51
583.72;591.83;578;582.41
599.47;599.6;587.57;591.68
550.03;559;548.02;558.99
548.13;555.23;544.63;548.5
533.46;546.8;533.46;543.18
525.18;537.47;523.2;537.17
516.83;520.5;510.3;515.12
507.5;515.23;502.6;514.71
496.35;507.8;480.77;504.7
490.03;503.44;480.6;501.9
509.85;512;495;495.52
520.21;524;514.38;515.04
536.04;537.3;519.41;527.5
541.5;544.02;527.7;528.84
538.2;547.05;536.05;539.34
527.25;532.93;513.25;531.89
516.56;526.42;514.5;525.51
526.25;528.78;514;520.66
547.69;555;538.86;539.2
549.4;558.52;542.67;546.63
540.35;549.9;535.38;546.67
544.8;546.84;543.14;546.68
535.5;544.98;534.56;542.56
532.59;536.95;525.82;532.07
532;533.88;523.4;529.52
517.96;531.99;517.5;530.12
531.4;534.65;521.19;524.85
533.8;539.1;531.9;534.96
530.45;535.94;527.4;534.03
510.8;522.76;510.5;522.18
524.47;527.92;520.73;524.84
540.75;543.83;531.22;532.5
544.74;546.3;536;540.96
538.19;542.99;530.81;540.7
534.56;539.45;533.56;539.08
519.99;530.45;513.14;526.86
530.38;537.27;518.3;520.04
519.33;530;517.23;523.29
503.5;521.41;499.06;518.82
504;507;494.53;498.17
499.34;514.87;490.86;490.92
523.47;524.89;500.49;504.88
540.03;543.69;530.77;533.15
552.43;552.44;530.3;539
553.43;564.99;546.05;557.23
569.5;570.5;560.4;563.77
553.82;568.5;548.41;562.13
561.38;564.12;547.73;549.01
561;574.61;541.01;573.41
562.98;569;544.35;546.02
582.54;590;562;579.04
594.5;598.85;577.47;577.52
594.27;603;583.63;601.17
606;609.67;591.57;592.4
611.22;615.5;599.18;606.77
604.23;614.96;603.69;603.69
605.19;615.98;603;610.94
617.18;620.95;604.75;607.22
618.05;627.5;617.22;622.52
613.36;625.41;613;618.98
605.39;619.5;604.27;618.23
594.03;608.06;594.01;606.99
602.18;602.83;595.35;595.35
596.14;604.68;595.53;602.55
592.49;602.05;592;594.94
597.5;600.25;588.16;597.62
539.12;542;526.73;528.94
537;544;536.48;538.26
528.16;539.42;526;534.01
528.18;535.98;525.5;527.28
532.95;537.65;527.27;531.99
541;550.68;535.88;546.6
533.5;538.51;533.04;535.36
525.3;535.4;525.3;532.44
506.74;521.18;506.38;521.03
501.99;506.67;501.5;506.38
496.54;500.25;492.38;497.57
484.02;496.21;484.02;493.65
474;488.4;473.6;482.8
480.68;480.75;473.02;474.88
482.13;482.86;473.73;480.22
491.45;492.35;486.73;487.01
487.19;493.94;484.73;493
485;486.23;479.23;484.58
506.18;506.69;484.8;485.02
502.81;506.57;496.67;500.37
505.03;508.35;500.61;502.95
508.15;514.08;506.99;508.37
510;510.2;502.17;504.73
514.08;516.69;509.29;509.51
520;520;515.64;516.73
516.53;521.24;515.78;519.17
522.89;524.63;518.99;519.03
523.54;526.82;519.25;521.06
522;527.6;521.5;523.08
527.57;530.3;522.48;528.06
528.04;533.2;525.31;525.6
525;529.05;523.5;529.02
518.48;521.79;516.3;520.9
517.7;522.12;515;518.13
517.33;522.77;517.25;519.67
520.37;523.96;518.15;518.26
516.6;520;513.4;518.39
531.8;531.99;523.13;524.03
532.73;536.54;529.72;531.25
529.54;530.33;525.7;529.81
515.43;531.22;515.03;530.46
526.31;527.27;516.4;518.42
534.61;535.92;529.05;529.55
535.24;536.94;530.91;535.05
540.14;543.55;533.69;535.45
540;544.43;537.54;542.66
535;538.49;531.1;537.68
538.15;541.46;535.18;535.3
533.86;539.42;531.5;534.27
535.17;539;533.02;535.79
537.13;542.01;529.63;533.89
545.7;545.73;537.12;538.56
540;544.1;538.51;544.1
538.06;539.25;534.08;537.97
538;538.11;534.35;537.76
526.52;537.44;525.21;532.82
525.25;527;522.01;525.05
527.49;528.28;522.39;525.1
525.9;526.82;521.39;525.73
529.95;530.88;520.9;521.53
526.42;527.66;519;526.84
545.29;545.75;530.06;530.7
575.19;579.45;572.1;578.51
575.51;577.6;571.75;576.28
575;576.91;568.05;570.61
576.2;578.1;573;577.37
584.89;584.89;578.06;578.16
575.73;580.64;574.19;580
572.18;575.16;568;574.18
581.08;581.49;565.68;569.09
593;594.74;583.1;587.68
588.76;595.19;588.76;591.8
583;588.16;581.74;586.76
584.38;585.5;580.58;581.84
576;581.89;573.01;581.73
582.07;584.99;574.71;575.36
586.88;586.91;579.24;579.74
585.43;588.39;578.8;586.89
575.19;582.45;572;582.16
577.27;579.23;572.51;577.32
570.22;579.8;569.02;576.5
564.64;567.99;559.74;561.06
564.48;569;560.54;561.36
568.01;569.79;551.28;557.1
557.5;571;555.5;569.56
572.8;578.29;568.02;569.99
578.22;580;573.33;576.71
585.44;586.62;579.45;580.3
591;594.51;585.75;591.77
592.93;597.98;590.2;592.31
600.55;603.69;587;591.66
608.33;608.98;600.2;600.62
606.38;611.49;605;609.56
599.8;606;595.19;600.79
617.78;619.22;599.3;600.76
610;616.49;608.01;613.4
611.86;614.72;609.5;610.04
611.39;613.09;601.35;608.82
610.33;614.7;604;611.32
620.03;624.93;607.77;610.21
626;631.18;624.18;630.08
621.25;627.25;620.28;625.26
625.63;626.5;622.1;624.22
627.32;630.09;623.1;624.15
623.34;629.64;620.04;628.15
613.79;625;613;624.5
613.9;617.5;611.56;616.44
616.87;619.45;612.34;616.5
614.93;619.63;614.51;618.38
610.16;618.39;609.21;614.29
610.15;611.44;606.61;610.98
609.48;611.45;606.13;610.15
611;614.34;607.53;612
604.49;613.35;603.11;611.04
603.6;604.47;595.55;600.36
619.07;620.36;599.76;600.99
617.89;619.7;613.25;616.79
620.33;622.49;615.28;616.5
608.2;620.69;606.52;619.91
607.57;612.49;601.23;611.08
639.58;641.73;611.36;611.83
632.21;634.08;623.29;626.77
642.12;642.96;629.66;631.75
626.06;641.99;625.27;639.63
617.4;624.27;617.08;624.18
616.97;619.67;614.16;616.69
619.35;619.35;614.77;616.87
617.71;618.8;614.5;616.01
614.8;615.39;608.56;614.21
615.91;618.25;610.13;616.44
610.68;618.43;610.05;613.5
600.07;610.33;600.05;609.07
605.62;606.18;600.12;602.12
596.48;605.59;596.48;604.35
596.74;598.42;592.03;593.97
598;601.33;597.39;598.86
602;602.41;598.92;601
602.05;603.87;598.01;598.92
602.74;603.78;599.5;602.38
605.34;606;602.03;604.23
604;607;603.28;605.49
598.57;604.72;597.61;603.07
594.65;597.88;588.66;595.06
591;592.56;587.67;590.8
592.85;593.77;588.07;591.71
594.2;596.45;589.15;590.3
597.09;598.29;592.48;594.91
597.12;603;594.09;594.62
593.14;593.99;590.29;592.21
593.88;595.58;589;591.5
591.97;592.52;583.69;590.54
591.27;593;586;587.14
580.57;582;576.61;578.36
569.45;576.48;568;573
568.66;573.33;565.35;571.82
563;571.57;562.4;564.35
574.32;574.32;553.31;555.71
589.17;589.8;579.95;582.11
590.46;592.98;587;590
587.31;596.6;587.05;594.97
587.01;589.01;578.2;583.01
587.47;593.44;582.75;591.22
597;597.89;590.34;590.83
589;599.98;588.56;596.56
585;589.5;581.37;583.55
592.76;597.89;583.45;583.72
603.08;604;594.05;595.47
613.99;616.9;601.21;603.29
619.7;619.85;614.21;617.19
622.08;623;617.51;622.88
630;630.85;620.51;624.82
624.02;629.49;623.13;626.77
623.18;625.49;621.11;625.08
624.64;629.92;622.1;624.27
617.5;621.83;613.5;620.18
618.67;620;614.58;615.6
615.73;620.66;611.21;615
617.07;619;612.99;613.7
620.05;621;613.3;618.58
615.77;620;612.33;616.47
613.1;621.23;611.03;618.6
615.59;624.74;614.97;616.5
611.92;614.82;610.05;612.53
611.51;616;606;611.99
608.14;617.38;607.5;607.98
608.85;614.82;602.86;607.83
600.55;619.69;600.55;617.71
599.27;601.64;591.6;601.45
544.18;545.25;537.11;540.93
547;547.49;542.33;543.3
540.12;545.99;537.79;541.39
538.48;544.6;537.17;538.84
532.77;537.6;527.62;536.35
536.21;537.2;529.14;530.01
539.26;539.95;529.94;534.35
528.38;540;526.55;538.23
524.95;528.25;518.85;522.35
530;530.62;523;525.62
529.16;531.87;518.92;525.79
527.85;532.94;524.71;527.69
533.48;533.59;518.45;527.17
528.85;536.85;528.85;530.41
521.74;527.83;518.26;527.29
514.61;519.69;511.3;513.48
512.86;517.78;511.68;516
509.68;519.98;508.91;513.46
492.5;510.41;492.06;508.28
483.75;491.2;481.18;490.15
479.95;482.45;479.41;481.06
479.95;481.89;478.5;480.64
482.01;484.75;480.08;480.43
480.9;484.35;479.53;482.27
479.02;479.79;475.08;476.14
477.83;480.4;470.58;476.18
465.19;472.5;464.51;470.58
464.5;467.59;463.02;464.4
470.52;471.88;467.44;470.3
462.84;464.43;460.31;463.18
454.98;464.94;452.5;460.33
450.11;454.87;448;450.02
459.15;459.76;452.42;452.69
452.56;459.99;447.65;458.83
456.06;457.26;450.44;450.98
450;457.81;450;454.62
457.7;458.37;450.92;451.39
461.5;468.25;457.73;464.07
467.97;471.59;461.02;462.02
481.01;482.51;467.25;467.97
490.44;490.87;481.55;482.15
488.53;494.7;486.03;490.52
483.68;489.87;480.5;485.59
489;491.19;486.01;486.35
483.94;494.75;482.51;492.01
497.73;498;491.5;491.74
502.35;506;498.57;503.71
502.25;505.5;501.36;505.35
505.4;505.74;496.05;500.22
505.89;508.6;503.56;508.1
492.18;507;491.05;506.32
490.5;492.46;486.76;489.83
488.99;493.28;486.94;490.41
479.65;487.36;479.14;484.85
485.95;488.88;479.33;484.99
494.94;495.25;482.67;484.35
490.58;497.5;490.17;492.63
489.09;490.75;484.88;488.97
480.77;490.59;480.01;490.06
483.23;488.98;482.48;484.81
484;485.7;475.43;477.5
461.03;482.99;460.6;481.59
461.01;469.65;457.52;466.18
469.12;470.56;459.52;459.61
491.73;494.7;482.68;494.02
489.88;493.83;486.46;491.34
482.25;492.99;480.28;489.2
472.37;479.44;471.08;475.83
471.96;473.26;462.78;467.49
453.55;457.33;449.66;456.56
438.31;451.29;435.38;450.2
444;447.67;433.63;436.07
441.62;442.28;436;436.55
445.29;448.4;433.63;439.49
454.96;457.83;444.72;444.95
463.44;464.55;451.12;454.26
472.59;477.55;469.01;472.08
477.06;477.65;470.56;472.68
479.66;482.75;473.26;475.1
486.89;486.89;478.16;482.05
489.9;496.6;485.73;486.25
499.9;500.97;484.89;488.56
502.51;503.47;498.13;500.03
503.45;505.87;496.69;500.08
496.17;504;496.11;501.27
483.08;500.4;482.18;497.99
494.48;494.5;483.19;483.19
482.5;488.71;481.62;488.5
480.37;488.5;475.84;487.01
487.22;488.88;472;474.02
487.85;488.84;477.54;484.78
499.06;500.91;483.15;485.52
499.72;509.25;496.7;498.72
495.11;508;494.7;505.6
486.68;493.87;481.46;493.37
480.43;491.06;480.12;482.37
492.74;493.45;483;485.63
484.95;492.31;481.05;490.46
482.07;489.76;475;475.47
468.15;477.45;464.01;477.07
480.73;489.79;476.8;477.16
469.06;485;464.4;472.05
485.07;485.58;473.8;475.01
496.26;499.44;487.74;494.43
510;510.97;497.07;498.37
506.78;508.36;498.35;507.97
509.77;510.99;496.25;507.53
516.5;522;510.37;510.88
512.04;512.04;502;505.39
515.67;519.88;508.22;509.05
513.97;522.82;512.6;521.65
499.97;505.32;481.33;493.14
508.75;517.52;460;498.67
500.98;515.72;500.47;509.76
526.52;526.74;504.21;506.37
526.5;532.92;525.08;530.6
531.13;537.68;525.44;525.7
533.37;536.5;526.67;532
532.1;534.83;521.03;529.19
528.95;538.33;527.23;529.06
544.97;544.99;529.21;531.64
547.25;549.32;542.27;544.99
552;552.5;543.35;547.06
556.46;560.25;552.16;554.3
554.17;559.66;551.06;555.04
548.75;553.99;545;550.1
563;568.81;549.63;550.15
592.17;597.84;588.29;595.3
590.06;592.34;584.01;589
572.53;588.88;571.13;586.77
567.35;574;566.22;572.73
567.49;568.77;564;566.22
563.32;569.85;560.05;567.49
567.3;568.75;561.86;563.54
569.46;570.89;565.4;568.22
570.9;574.88;569;571.01
571.35;573.45;565.55;568.8
565.05;569.74;562.81;567.12
562.83;567.63;560.28;566.71
563;564.72;560.57;562.45
565.27;567.39;560.02;562.69
559.02;572;558.66;562.88
545.51;559.85;539.7;557.33
557.04;558.31;542;549
556.11;566.85;554.28;557.5
566.23;568;557.28;560
564.72;568.44;562.96;566.4
568.3;571.45;564.25;565.56
561.83;568.42;560.76;565.2
566.68;569.45;556;563.18
588.14;588.28;579.16;579.54
574.26;586.21;574.2;581.14
563.76;578.5;562.21;576.45
559.85;564.66;556.5;560.19
564.78;565.18;561.01;562.48
561.35;567.67;559.9;564.21
546.5;556.13;546.2;554.59
542.36;548.12;539.25;545.32
535.48;545.66;535.01;541.06
529.2;533.29;527.74;532.69
527.42;531.75;523.48;526.8
527.12;528.49;520;526.43
533.98;538.44;530.51;531.47
543;543.63;532.29;535.07
547.35;547.5;541;542.8
540.53;544.03;539.7;540.76
537.54;545.01;536.14;543.22
542;543.4;537.61;538.21
536.87;544.13;534.3;541.3
532.97;537.15;530.5;533.12
533.32;540.49;529.5;536.4
534.07;537.79;527.69;534.45
539.54;541.53;535.07;536.44
532.5;542;531.53;533.47
528.4;533.5;522.46;531.29
537;538;525.56;526.78
528.67;542.1;528.23;540.82
534.96;534.96;527.61;531.12
534.6;535.81;530.3;533.02
538.49;540.99;525.61;529.94
544.49;547;530.6;534.29
541.27;547.65;535.31;542.1
537.97;549.6;536.29;542.42
546.59;549.88;535.51;540
564.5;570.6;534.86;550.01
583.44;586.82;572.25;582.98
585.98;585.98;575.29;580.41
581.2;590.42;576.29;587.62
593.34;593.56;578.04;580
583.9;594.2;582.81;589.85
576.49;588.38;573.9;587.09
597.65;598.16;588;590.48
604.46;604.46;594.04;601.11
592;603.25;589.11;602.02
609.4;610;592.65;594.1
625.86;625.86;606.36;608.26
627.18;627.84;621.54;623.99
626.95;629.51;624.24;626.75
624.75;625.4;619.98;619.98
618.5;622.73;618.01;622.73
624.74;624.84;618.29;619.4
621.66;625.99;618.48;622.87
612.93;619.52;612.27;618.48
603.5;612.87;602.85;611.68
601.34;601.5;598.85;601.12
597.61;599.84;595.67;598.68
596.03;598.93;595;596.42
596.44;597.64;593.76;593.94
598.6;600.37;596.64;597.76
593.3;596.38;590.99;593.14
595.35;597.31;592.61;595.73
594.68;594.75;587.73;590.51
590.44;594.71;590.41;591.5
587.5;589.33;583.58;589.02
583.5;590.66;582;587.05
584.21;588.69;581;586.25
593.02;594.83;579.18;585.01
589.04;591.45;585;585.74
591;593.01;586.22;587.51
588.13;591.22;583;589.87
580.63;583.67;577.11;583
572;582.46;570.97;579.76
586.41;587.06;582.69;585.74
582.52;584.29;576.54;583.09
576.49;586.6;575.86;582.35
569.5;571.6;569.4;569.96
573.77;574;570;572.99
576.65;578.78;572.07;576.65
574.87;577.5;573.72;577.49
575;576.99;572.78;576.28
569.29;572.51;566.61;572.05
569.56;572.9;565.5;567.85
570.48;573.5;565.86;570.56
562.73;568.78;562;566.76
555.45;562.58;554.23;562.51
547.72;551.78;545.5;551.1
543.49;549.77;542.66;548.65
540.8;545.5;536.42;540.33
530.01;537.5;528.3;537.29
537.08;539.46;528.24;533.99
550;550.17;534.24;536.12
543.01;551.83;541;551.05
547.87;550;538.25;540.3
550.97;554.56;544.16;548.29
555.75;561.64;550.89;554.21
555.25;557.89;551.2;553.69
550;555;548;554.09
549.91;559.35;549;551.1
551.64;552.95;540.7;551.72
552.69;553.6;548.73;552.09
547.33;554.75;544.53;549.85
533.75;536.9;527.27;529.91
532.46;535.58;530;535.32
524.39;527.46;521.38;526.11
523.42;525.76;519.32;524.04
516.65;521.51;514.5;516.25
519.57;523.25;513.34;514.18
499;518.99;497.81;517.54
491.7;499.37;491.7;498.74
487.65;492.43;483.34;488.52
483.74;491.74;482.6;484.58
493;496.47;487;487.2
500;500.14;487.24;495.85
499.53;499.75;493.01;498.53
494.84;501.5;493.3;498.53
494.29;499.93;492;492.48
500.47;501.41;493;496.77
500.78;507;497.71;498.46
500.92;501.99;497.81;499.06
487.74;498.9;486.22;497
496.77;496.98;491.23;491.46
490.57;497.37;487.15;491.72
479.8;489.37;478.48;488.29
475.08;478.91;472.71;477.54
470.51;476.8;470.05;475.12
470.4;473.3;467.63;472.14
466.65;470.94;462;470.94
459.06;466.27;458.8;463.97
464.29;466.99;455.84;458.62
457.57;462.6;455.78;461.3
455.82;458.25;455;457.52
455.82;458.33;452.59;453.01
459.68;466.82;454.42;455.76
459.79;461.86;458;461.67
469.26;472.37;463.38;464.75
468.58;468.58;460.73;466.06
472.76;473;466.7;468
469.13;474.35;468.72;471.37
467.35;470.09;464.42;468.73
465.54;466.09;462.65;465.24
452;462.18;451.23;460.41
439.99;445;438.56;443.97
445.1;447.7;442.32;445.28
451.5;451.99;443.12;444.89
462.78;463.18;456.89;460
462.15;464.72;458.91;462.28
455.41;461.75;454.92;458.58
453.67;457.23;452.38;453.94
455.14;458.41;453.79;456.61
455.67;459.42;454.99;457.1
454.3;454.88;448.53;450.36
456;456.91;447.88;451.14
449.37;454;448.43;453.73
448.74;453.9;447.64;452.21
449.98;452.7;442.43;443.05
442.61;451.47;442.61;445.64
437.23;437.8;431.89;436.24
441;442.81;436.1;439.85
446.04;446.75;437.61;444.8
435.81;450.49;435;446.72
428.68;441.21;425.5;437.34
428;430.2;423.5;427.69
430.94;431.9;425.72;427.9
429.88;432.85;426.25;430.17
433;435.48;426.7;430.25
436.68;445.75;434.1;442.6
429.66;438.68;428.49;438.17
423.71;426.73;420.87;424.69
416.17;424.52;415.18;424.3
409.58;417.37;408.7;414.4
406.12;414.45;405.8;410.39
400;406;398.06;402.49
408.24;409.19;395.98;396.63
406.5;410.64;401.66;409.61
415.41;415.41;406.81;408.49
424.2;426.4;418.15;418.99
424;427.21;418.22;421.59
426;427.8;422.24;424.14
413.68;428.23;413.11;425.32
407;415.9;406.51;415.77
408.74;412.23;406.56;409.29
406.65;408.99;402.55;405.68
416.95;417.49;401.89;407.35
418.21;420.46;414.58;420.09
415.68;418.69;413;414.06
416.19;419.72;411.56;415.16
419.31;421.09;415.42;416
421.5;421.5;414;416.77
426.86;427.7;421.21;424.84
431.77;433.73;428.37;429
436.23;437.89;426.67;432.6
438.58;440.5;431.76;435.62
439.5;440.92;434.12;438.77
445.07;447.34;439.46;444.32
435.3;441.24;434.5;440.28
426;432.46;424;431.65
426.25;429.96;423.4;428.4
418.73;429.6;418.53;426.56
412.11;417.23;410.7;417.23
408.68;411.62;404.61;410.4
405.64;411.86;404.81;405.56
391.95;405;390;404.36
396.66;398.65;392;393.5
396.3;402.84;393.84;396.5
402.09;405.67;395;397.18
396.1;401.64;393;398.88
394.73;397.31;385.4;396.84
391.1;394.11;389.09;390
388.8;392.21;384.69;387.5
394.09;396.39;388.35;389.54
410.01;410.99;395.11;399.01
402.8;412;401.2;407.98
402.85;410.13;395;407.33
404.1;404.99;392.5;396.61
406.79;408.28;401;403.47
399.98;405;397.25;402.99
398.17;402.4;394.79;401.98
395.03;397.59;391.55;393.69
395.76;403.75;394.8;395.97
385.97;394.97;385.83;391.47
383.75;389.05;381.54;383.71
384.34;389.49;382.75;385.95
386.05;393.18;380.5;389.49
387.51;389.75;381.11;384.69
381.75;390;379.01;383.86
376.17;384.3;376.1;381.47
386.15;390.65;375.89;379.3
386.02;399.82;384.81;392.24
381.5;392.9;381.02;388.74
367.1;381.06;364.16;379.5
376.94;376.99;365.6;368.91
371.33;379.1;370.3;378.11
369.5;374.35;366.25;372.5
363.5;365;356.21;362
362.6;363.75;355.31;358.65
367;369.82;361.4;368.24
364.5;371.72;358;369.78
363.31;369.76;360.32;362.5
343.78;355.24;340.61;354.09
348.93;353.51;346.18;348.06
342.55;343.81;336.05;342.69
350;352;345.47;347.7
353.13;359.16;348.5;353.29
350.4;351.34;336.25;344.07
346.5;353.84;344;347.17
333.56;349.45;333.03;348.6
330.3;332.99;326.34;330.16
331.68;336;327.38;329.94
334.81;340;328.05;333.1
320.18;335.34;319.09;335.34
325.99;329.73;318.59;319.69
326.1;327.46;319.03;324.42
317.54;325;313.65;323.53
310.1;320;305.71;317.91
298.25;310.5;294.25;308.17
299.98;306.57;289.45;290.89
307.22;310.19;294.25;308.57
316.48;319.08;302.64;305.64
323.16;329;315.38;318.92
330.07;333.69;322.35;325.48
333.33;340.7;326;327.16
332.95;343.82;331.11;337.99
345.96;352.49;337.16;337.18
342.15;352.3;338.92;341.64
331.02;349.62;330.89;345.45
347;349.8;329.55;330.06
338.05;348.92;335;346.45
357.47;359.8;341.41;342.64
347.24;353.38;340.52;353.11
346.51;347.09;339.69;342.66
362.19;362.99;355.23;357.68
353.16;363.62;351.48;363.05
358.95;365;353;358.04
375.98;377.5;357.89;358.51
371.28;381;367.3;378.77
356.46;373.81;355.44;371.28
340.91;355.38;337;353.72
340.07;354.44;339.17;343
342.57;343;333.83;340.45
334.29;345;332;340.57
344.69;348.8;336;338.53
344.54;345.05;340.11;343.32
337.98;352.33;336.31;348.67
326.45;333.87;324.27;331.48
324.85;328;320.56;323.87
309.27;331.96;304.22;324.7
298.04;309.35;295.15;306.5
288.35;303.5;288.35;303.08
299.14;299.5;282.75;282.75
305.02;308.25;295.7;299.67
297.57;303.58;286.79;298.99
310;313.8;297.75;300.97
311.77;320.6;310.39;314.32
316.31;318.95;310.23;312.69
327.5;327.5;313.4;315.07
318.28;325.19;317.34;325.19
328.32;330.91;318.75;322.01
332.98;340.8;326.39;334.06
321;331.24;315;328.05
308.6;321.82;305.5;321.32
304.2;311;302.61;307.65
300.8;306.81;298.71;303.11
300.22;301.38;291.58;297.42
304.07;305.26;298.31;300.36
301.48;306.34;298.38;302.95
300.43;303.31;296.67;298.02
308.56;309.5;290.63;297.11
310.99;317.79;309;310.17
316.7;320.35;309.11;310.28
318.64;322.13;312.42;315.24
314.52;329.5;311.27;325.28
314.01;318.49;305.11;310.67
295.71;316.47;294;315.76
304.17;312.88;297.8;300.22
309.24;314.9;304.51;308.82
297.69;318;297.01;305.97
289.99;309.44;282;302.11
271.02;284.24;264.02;283.99
276.53;283.49;268.77;274.34
269.85;281.36;265.34;279.43
269.73;277.78;262.58;275.11
286.68;287.38;265.98;265.99
290.58;296.45;288.28;292.96
280.28;295.46;276.2;292.09
268.68;286.66;267.32;282.05
269.26;269.95;249.01;257.44
262.51;269.37;247.3;262.43
274.89;282.94;259.04;259.56
295.39;300.19;278.58;280.18
301.57;303.73;285.35;297.42
303;310.16;297.95;300.12
303.25;324.99;302.56;310.02
291.77;313;280;312.08
302.05;312.49;287.76;291
308.69;316.3;300.52;311.46
328;329.44;309.47;318.78
333.12;341.15;325.33;331.14
339.97;344.42;325.81;331.22
362.15;368.88;341.31;342.24
353.44;372.36;345.5;366.94
357.58;362.99;341.43;346.49
356.16;371.96;354.27;359.36
368.46;372;358.37;359.69
365.79;371;352.37;358
339.05;369.31;328.51;368.75
334.81;343;325.6;329.49
326.47;350.47;324.74;339.29
353.65;358;337.99;352.32
356.99;369.69;344;355.67
372.39;383.78;362;362.75
379.75;380.98;359.59;379.32
378.96;386;363.55;372.54
332.76;356.5;309.44;353.02
354.65;359;338.83;339.17
393.53;394.5;357;362.71
355.79;381.95;345.75;381.02
313.16;341.89;310.3;332
344.52;348.57;321.67;328.98
330.16;358.99;326.11;338.11
373.33;374.98;345.37;346.01
373.98;375.99;357.16;371.21
397.35;412.5;383.07;386.91
409.79;409.98;386;390.49
411.15;416.98;403.1;411.72
395.98;425.08;392.32;400.52
419.51;423.51;380.71;381
428;437.16;421.03;431.04
438.84;450;435.98;439.6
430.34;445;430.11;435.11
433.25;440.79;425.72;429.27
454.13;454.13;429;430.14
461;462.07;443.28;449.15
422.64;439.18;410.5;439.08
438.48;439.14;413.44;414.49
425.96;449.28;425.49;442.93
424;441.97;423.71;433.86
430.21;441.99;429;437.66
408.35;435.09;406.38;433.75
424.47;424.48;409.68;414.16
423.17;432.38;415;418.66
452.02;452.94;417.55;419.95
445.49;452.46;440.08;444.25
460;463.24;449.4;450.26
468.73;474.29;459.58;464.41
476.77;482.18;461.42;465.25
469.75;471.01;462.33;463.29
472.49;476.45;470.33;473.78
473.73;474.83;464.84;468.58
483.46;483.46;470.59;474.16
486.11;497;481.5;483.01
491.5;494.88;489.48;490.59
482.92;489.9;479.27;486.53
494.72;496.69;482.57;485
490.43;498.28;486.63;490.5
509.84;510;495.51;498.3
506.99;510.66;505.5;510.15
497.7;507.61;496.29;505.49
501.6;503.54;493.88;500.03
502;506.13;498;502.61
492.47;508.88;491.78;500.84
480.15;495.75;475.69;495.01
482;484;476.41;479.12
478.37;489.77;472.51;486.34
467.59;480.08;466.33;479.85
468.12;473.01;461.9;463
472.51;473.22;462.5;467.86
474.56;480.89;471.44;473.75
485.5;486.02;472.81;482.7
479.3;487.26;478;483.11
492.09;492.09;475.13;477.12
486.49;493.13;481.5;491.98
496.7;496.87;475.62;475.62
481.61;497.23;478.1;489.22
466.72;480.25;465.6;477.11
480.88;484.09;465.7;468.8
498.35;498.98;478.19;481.32
534.16;537.05;524.5;533.44
514.04;536.5;510.6;535.6
516.28;527.5;501.1;516.09
539;540.06;515.45;521.62
536.5;539.5;519.43;533.8
545;549.5;530.72;540.57
550.76;555.68;540.73;541.55
545.99;555.19;540;554.53
542.3;549;535.6;543.91
530.88;539.23;527.5;537
536.51;540.38;526.06;527.04
519.58;536.72;517;534.73
532.47;538;523.06;526.42
527.68;530;515.09;528.07
544.1;544.93;528.26;528.82
544.97;557.8;543.67;551
545.14;551.19;535.1;542.3
545.36;553.15;542.02;545.21
556.98;556.98;544.51;546.43
555.35;563.78;550.81;560.2
564.51;568.99;559.16;562.38
576.35;578.07;568.38;569.46
566.5;579.1;566.5;572.81
561.49;575.7;561.34;571.51
548.76;558;546.88;552.95
556.24;557.34;544.46;545.2
549.56;558.82;546.78;554.17
568.06;570;545.4;557.87
579.75;580.72;567;567
577.08;588.04;576.21;586.3
565.33;578;564.55;572.22
576.5;580.5;560.61;567.3
582.5;583.89;571.27;575
583.47;589.92;581.3;585.8
574.79;585.88;573.2;583
567.94;571.49;561.1;568.24
544.96;562.6;543.85;560.9
546.96;553;537.81;544.62
551.95;554.21;540.25;549.46
578.52;581.41;547.89;549.99
574.63;582.48;572.91;578.6
578.55;588.88;573.52;577.52
581.43;584.68;578.32;580.07
579;582.95;575.61;581
586.49;591.19;575.25;576.3
586.23;587.95;578.55;583
574.75;586.75;568.91;584.94
579;585;571.3;573.2
586.2;589.3;578.91;583.01
590.27;599.49;576.43;579
591;592;583;586.36
598.86;599;587.13;594.9
598.49;602.45;579.3;581.29
578.31;594.93;576.97;593.08
562.21;584.86;558.47;574.29
550.83;563.4;550.01;558.47
545.88;556.81;539;552.12
549.02;553;542.73;544.06
551.29;554.49;540.02;543.04
557.94;559.31;540.95;546.49
537.57;560.83;537.56;555
539.39;542.59;530.29;537.79
535.21;547.7;524.77;539.41
455.63;459.37;446.52;449.54
444.4;458.28;441;455.03
458.13;459.72;443.72;446.84
457.16;457.45;450.15;451.66
464.07;467.26;455.01;457.45
464.96;473.86;461.85;469.08
469.13;472;457.54;464.19
473.04;474.14;462.01;467.81
477.03;485.44;473.53;476.82
457.01;477.83;456.2;471.09
461.73;463.29;448.13;455.12
469.9;475.74;460.39;465.7
447.74;466.5;446.87;465.71
435.64;442.69;432.01;440.47
447.46;453.57;434.31;438.08
446;448.61;440.49;444.08
452.59;462.87;449.29;458.19
457.46;457.47;446;450.78
438.43;465.78;437.72;460.56
427.32;435.7;417.5;433.55
441.11;447.5;431.67;432
428.98;440.84;425.53;439.16
427.99;433.71;412.11;419.87
442.98;449.34;430.62;437.92
432.67;446.98;428.78;443.01
440.01;447.88;438.07;440.18
425.26;440.15;424.65;439.84
428.83;431;413.04;413.62
428.88;440;426.24;433.35
447.69;453.3;431.18;432.7
445.25;454.17;444;447.7
450.95;453.36;435.78;444.6
471.51;472.72;450.11;457.02
471.87;479.74;464.65;471.18
470.5;479.09;467.36;475.39
460.13;475.49;459.64;472.86
461.2;466.47;446.85;464.19
505.95;506.5;485.74;486.44
502.06;509;497.55;507.8
512.85;513.21;499.5;502.86
503.51;511.01;498.82;509
534.94;535.06;506.5;508.95
528.31;532.66;524.33;529.64
538.35;541.04;531;532.25
522.5;534.99;518.69;534.62
523.39;530.6;513.03;518.09
520.52;523.71;513.4;521.16
509.41;517.73;508.7;516.69
496.86;514.19;494.76;504.95
511.14;511.17;497.93;501.71
489.43;509;488.52;506.8
509.07;512.78;492.55;495.43
528.67;536.67;510;515.9
539.01;573;534.29;564.3
549.19;560.43;543.51;548.27
560.47;561.33;540.67;550.52
570.97;572.24;548.6;555.98
591.81;595;566.18;566.4
558.8;579.69;554.14;574.49
560.71;568;519;548.62
562.03;597.5;561.2;584.35
608.36;609.99;598.45;600.25
620.76;625.74;598.01;600.79
628.97;639.99;601.93;615.95
645.9;649.05;635.38;637.65
651.14;657.4;645.25;653.82
642.7;649.47;630.11;638.25
645.01;657.2;640.11;646.73
630.04;653.34;622.51;653.2
653;659.96;631;631.68
653.94;662.28;637.35;649.25
679.69;680.96;655;657
685.26;686.85;676.52;685.33
692.87;697.37;677.73;685.19
698.57;702.49;690.58;691.48
704.93;707.95;696.54;702.53
707.07;716;700.74;700.74
698.99;713.22;698.21;710.84
694.99;700.73;693.06;700.73
697.88;699.26;693.24;696.69
685.83;691;680.61;689.69
674.21;679.5;669;677.37
674.16;676.71;652.5;673.35
688;695.42;663.67;669.23
687.51;699.7;687.26;689.96
696.31;697.62;681.21;694.05
714;714.32;688.5;699.35
719.94;720.99;698.78;699.2
715.99;724.8;714;718.42
714.99;718;710.5;714.87
697.8;716.56;697.01;715.26
692.73;698.93;687.5;698.51
678.31;692;677.12;684.16
691.01;695;681.14;681.53
711;711.06;682.11;693
690.75;702.79;687.77;697
682.11;694.3;672.14;692.26
674.8;676.43;650.26;673.57
680.2;693.4;665;666
670;678.28;668.11;676.7
643.77;669.97;642.08;660.52
636.48;659.1;632.87;648.54
629.59;636.77;618.5;625.85
633.94;635.49;616.02;633.63
638.57;647.5;624;629.65
673.28;675.49;636.27;641.68
644.99;660.92;632.07;660.55
657.74;669.93;626.21;632.07
675.78;681.88;661.21;663.97
734.6;734.89;677.18;693.84
741.13;747.24;723.14;732.94
737.56;741.79;725;741.79
706.99;730.23;706.07;725.65
710.51;713.58;697.34;711.25
702.79;713.72;701.78;703.21
700.69;707;696.04;707
677.51;699.91;677.51;694.77
677.77;680;672.09;679.23
674.03;676.54;668.06;674.6
678.68;678.97;663.55;668.51
672.71;677.47;659.56;675.82
661.25;677.6;660;675.77
638.67;655;636.28;650.75
654.56;658.49;643.23;644.71
635.41;641.37;628.5;639.62
630.45;634;621.59;633.48
618.49;625.92;611.99;616
638.47;639.86;615.55;620.11
623.98;638.4;618.24;637.39
633.64;641.41;609;622
621.36;625.68;616.8;625.39
615.11;623.78;608.39;615.18
595;610.26;593.95;609.62
587.11;596;587.01;594.05
585.09;585.09;577.06;579.03
586.25;588.99;580.36;584.02
583.38;596.81;580.01;584.39
569.97;584.35;569.61;582.55
567;569.55;564.12;567.27
571.73;571.74;565.78;567.5
570.4;571.79;563.81;568.16
564;569.56;562.86;569
561;571.46;560;568.02
556.34;560.79;552.83;560.1
547;556.8;546.03;552.83
539.27;549.45;538.86;546.85
526.52;537.25;524.27;535.27
526.53;529.28;524.07;525.3
523.2;530.27;522.22;528.75
524.06;527.21;523.22;524.78
520.53;527.98;519;522.65
516.99;521.65;515.73;521.33
521.28;522.07;510.88;514.48
517.86;521.24;516.8;519.35
529.36;529.83;518.24;523.52
523.4;529.48;522.25;527.8
515.02;528;514.62;525.15
513.1;516.5;511.47;515.25
512.36;515.4;510.58;511.4
507.84;513.3;507.23;512.88
511.53;514.98;505.79;506.4
514.43;517.45;511.4;513.26
512.61;515.55;508.5;515
516;516.13;507;512.19
509.96;516.25;509.25;512.75
498.94;508.16;497.77;506.61
502.46;502.56;496;497.92
497.44;501;491.65;500.04
492.02;496.43;480.46;491.52
509;511.69;496.71;497.55
515.72;517.4;508;508.6
519.54;519.75;513.03;515.5
510.18;518.72;505.63;515.75
520.8;526.82;514.63;514.73
519.34;525.78;517.09;525.78
509.75;519.88;509.04;516.02
503;510.15;502.5;510
510.05;513.2;503;503
513.72;514.99;509;511.01
510.5;516.51;508.14;512.94
520.23;520.44;510;510
512.92;519.34;510.5;516.11
508.53;516.62;505.5;511.89
508.74;512.59;498.88;508
516.98;517.02;505.56;509.76
509.3;518.69;507.11;514
519.01;520;512.15;512.51
511.9;523.18;509.5;520.12
553.46;553.52;542.24;548.59
553.89;554.5;543.81;549.5
555.04;557.73;552.38;555
550.3;558.58;549.31;552.99
547.91;552.67;547.25;552.16
545.86;547.32;540.22;545.33
543.61;546.5;540.01;544.47
543.79;547;541.65;543.34
543;548.74;540.26;542.56
541.25;543.87;538.73;539.4
535.56;544.4;532.15;541.63
531.06;534.4;527.5;534.34
525.49;531.85;524.2;530.38
526.02;527.4;519.46;522.7
524.88;529.5;523.8;525.01
525;527.99;519.56;526.29
532.73;533.2;526.24;530.26
528.98;534.99;523.38;527.42
516.42;524.99;516.1;524.98
510.98;515.29;506.28;514.11
516.96;518.75;509.06;509.97
514.01;517.25;511.54;514.31
506.18;516;504.24;515.2
508.19;509;501.23;505.89
505.38;505.88;501.7;502.84
507.09;508.54;498.69;505.24
508.71;511.67;503.17;504.77
514.02;518.25;510;511.34
516.2;519.64;509.46;515.49
519.75;526.5;512.51;515.06
516.75;520.78;515.26;518.25
509.75;519;506.61;518.84
497.91;510.51;497.59;507.07
501;505.02;497.93;500.4
500.56;508.78;497.06;497.91
484.5;498.84;483;498.6
485;491.8;484;487.11
479.7;484.95;477.27;483.52
475.15;479.2;471.5;474.33
480.82;483.41;473.75;473.97
473;479.01;473;475.86
469.53;479.2;466.72;470.6
472.03;472.7;469.75;470.32
472.46;475.22;470.81;470.96
462;473.14;459.02;472.61
461.96;462.54;457.41;458
465.48;467.51;460;461.78
461.83;467;461;466.74
467.04;469.49;461.02;461.47
466.15;471.73;463.88;469.25
466.13;468.17;464.73;466.81
472.14;472.82;466.47;467.27
470.12;474.84;465.88;471.12
466.22;474.07;465.29;473.23
468.65;471.08;465.73;465.78
472.19;472.81;464.17;469
479.15;481.35;471.38;471.38
480.07;482.4;478.33;479.01
478.1;484.45;477.11;481.18
480;481.37;476.11;477.99
478.61;479.98;475.55;477.53
480.1;485;478.26;479.08
490.52;492.5;482.02;482.48
474.5;481.95;469.59;471.65
471.26;479.9;469.53;476.01
473.8;476.39;471.6;472.8
468.46;476.99;468.15;474.27
468.45;468.77;463.36;466.29
464;468;462.24;467.39
466.06;469.4;462.61;464.53
467.09;470.79;465.16;466.5
472.98;473;465.59;468.21
471.3;472.09;469.62;471.51
472.14;473;469.58;471.02
464.05;474.25;464;472.6
457.76;458.53;452.12;458.53
462.1;463.4;456.14;458.16
464.55;466;455;460.92
461.87;465.44;460.15;461.88
463.55;465.23;460.34;463.62
460.55;465;455.62;465
461.45;463.39;457.08;461.83
455.61;462.17;452.53;462.04
445.3;456.57;445.21;456.55
445.79;447.6;443.6;445.28
443.25;448.5;440.63;447.23
445.65;446.7;439.89;440.85
447.86;449.82;443.94;446.19
443.23;448.66;439;448
450.11;451.93;442.83;443.03
452.57;455.25;451.11;454.75
458;458.4;450.1;452.96
459.22;465.5;454.1;454.72
462.69;463.14;454.29;455.64
447.47;459;447.38;457.55
437.02;445.5;437;440.95
445.11;448.7;438.68;438.68
442.67;452.42;440;448.23
450.41;453.67;443.04;449.45
455;459.8;447.17;448.77
472.83;475.25;463.75;464.93
475.75;476.95;467.8;470.62
478.69;484.24;474.39;475.85
469.84;478.68;467.74;475.86
468.47;472.75;464.71;472.1
462.8;470.15;462.06;469.94
466;466.13;460.72;461.47
460;469.13;459.22;465.93
459.15;462.78;457.26;459.1
460.68;462.39;455.02;458.29
471.65;472.68;461.5;461.89
468.05;473.75;465.15;471.03
473.82;474.35;468.78;470.01
468.1;473.3;467.26;471.48
477.5;478;466.19;467.16
482.61;485;477.81;481.5
506;506.01;481.53;481.75
496.49;505;495.51;501.5
494;498;491.22;494.32
498;498.75;490.5;492.47
490.93;497.9;487.03;495.84
501;504.5;485.66;488.09
484.45;499.54;483.29;499.07
480.79;484.75;477.29;479.05
492.5;492.65;478.5;480.84
487.98;490.76;486.74;489.75
494.52;496.48;487.43;487.83
503.39;507.77;494.38;497.28
507.55;513;503.3;504.28
501.99;505;500;505
497.2;501.75;496.18;499.72
484.43;493.55;482.04;489.46
485.45;488.25;481.2;485.5
487.69;489.87;482.2;483.58
482.5;487.5;478.11;487.19
469;483.95;468.35;483.26
466;476.66;461.11;467.59
462.1;464.47;459.86;460.48
467.12;468.58;462.25;462.56
460;468.08;459.1;468.03
456.52;459.47;454.59;457.53
457.5;458.64;452.73;455.58
464.18;465.25;452.34;456.2
470;471.5;462.33;462.9
461.72;469.31;458.5;468.63
482.51;482.74;460.72;462.8
482.64;484.11;479.84;480.3
480.25;483.75;477.26;482.12
484.69;485.5;477.02;478.99
483.85;486.36;480.28;481.78
484.92;488.9;483.8;483.93
481.94;488.6;480;484.11
490.23;491.8;482.42;482.64
486.96;492.4;484.52;488.71
487.4;489.44;484.89;487
483;487.43;479.35;484.85
485.98;488.39;478.5;480.8
484.19;490.4;481.55;484.81
494.24;494.74;482.25;484.65
481.13;489.86;477.03;489.5
501.37;501.78;484.75;484.75
504.5;507.5;504;505
510.97;513;505.78;508.01
496.54;510;495.83;509.65
498.4;498.4;492.65;495.05
493.25;499.66;493;498.79
495;497.68;492.56;495.9
493.43;499.85;491.93;491.93
480.7;489.95;480.5;489.3
474.9;481.17;474.14;481.03
473.78;474.72;470.29;473.55
476.5;479.49;471.86;472.63
470.35;481.74;468.6;475
476.95;479.02;471.77;472.57
473.77;479.66;472.33;476.95
472.23;473.75;465.06;471.8
467.5;473.73;466.38;469.91
478.76;479.13;465.26;467.5
478.06;482.16;473.84;476.39
474.82;480.46;470.01;476.57
483.9;485.24;472.49;475.2
487.68;491.96;484.2;485.1
477.49;488.5;475.11;486.6
476.28;477.86;471.41;473.31
462.28;484.64;460.37;480.78
458.99;460.1;453.59;459.67
420.23;429.5;419.57;426.06
422.99;424.75;417.5;419.31
420.3;423.75;416.7;420.64
427.7;429.2;421.34;421.75
427.76;429.5;425.56;427.3
428.56;429.68;424;427.44
425.02;429.91;423.76;426.5
431.56;437.85;422.39;426.65
424.8;431.95;423.42;429
410.22;421.91;409.75;420.5
414.7;418.24;410.86;411.81
404.97;415.77;403.05;415.7
401.29;406.46;398.19;404.04
401.9;406;400.8;401.44
405.13;405.62;401.41;401.9
404.08;406.98;400.54;403.58
406.3;411.22;402.37;402.92
405.5;407.68;401.77;406.87
405.58;409.45;402.5;403.98
404.98;407.45;401.36;403.78
400.3;408.45;399.86;406.85
407.1;407.39;394.62;397
415.46;415.49;392.74;403.81
410;418.69;409.47;414.69
407.48;410.05;406.74;409.88
404.3;406.28;401.93;403.98
395.15;406.76;395.1;406.57
385;392.73;384.88;391.9
378.26;384.69;377.77;384.09
376.72;380.79;376.72;377.85
379.39;381.75;377.4;378.49
382.1;383.19;379.66;380.14
379.87;385.4;377.44;384.36
380.99;381.28;377.19;378.6
381.49;382.15;378.2;378.53
379.21;384.65;378.51;380.75
380.78;382.32;377.2;378.95
375.61;380.95;375;380.95
373.08;375.32;372.5;373.26
374.44;376.4;372.26;373.73
377.64;378.27;372.66;373.43
377.73;379.26;374.84;378.29
378.1;379;375.22;377.3
386.31;387.09;380.75;383.36
386.39;390;383.92;385.8
383.48;388.45;382.12;387.72
374.11;381.67;372.6;380.97
371.5;375.13;368.67;369.43
374.4;375.28;368;368.5
373.88;377.67;372.46;374.2
382.8;384.68;376.36;376.94
382.82;384.5;379.09;381
371.5;379.73;371.15;377.95
379.56;380.68;371.75;373.85
364.98;377.91;363.36;375.39
375.6;377.17;365.2;367.23
385.11;385.77;375.51;375.51
388;389.17;383.31;386.6
382;389.56;381.73;388.12
387.37;387.49;377.95;382.4
388.2;391.91;383;385.5
385.02;391.31;383.8;389.36
392.82;393.89;381.21;390.9
386.14;391.75;377.69;390.11
404.28;404.44;385.66;387.12
395.01;401.14;394.66;399
409.75;410.57;397.74;403.05
404.63;411;403.72;407.89
410.33;411.49;398.61;403.5
414;418.34;406.83;408.83
422.09;422.74;416.73;417.25
418.51;425.05;413.03;424.56
423.44;425.23;416.38;418.2
426.05;427.89;415.88;420.45
423.38;425.38;421.98;423.19
421.52;422.8;415.64;421.46
420.04;423.77;419.45;423.2
415.6;419.33;412.33;419.33
407.99;418.2;405.82;417.81
404.01;406.48;401.13;406.11
405.71;408;401.01;402.32
406.75;408.3;403.25;404.22
402.76;409.75;400.74;404.86
401.58;406;388;399.95
391.06;404;389.75;402.13
388.03;391.87;386.51;387.17
390.85;394.8;386.98;388.14
389.1;390.93;388;390.7
386.62;392.25;383;391
389.83;391.1;378.52;384.39
380.9;387;378.12;386.52
388.34;390.49;381;381.54
392.19;395.43;385.35;386.57
387.75;394.27;378.59;393.3
393.24;394.86;386.5;386.51
376.58;390;376.3;389.99
376.18;381.45;374.15;374.44
386.84;387.08;377.45;379.44
373.54;382.99;371.6;382.62
373.8;378.25;366.78;371.82
378.28;381;371.45;371.94
384.55;385.88;380.03;381.35
379.08;383;372.31;382.99
377.35;383.44;371.61;381.25
374.21;383.88;373.56;375.58
367.85;373.03;365.25;370.95
373.28;374.5;360.57;370.02
378.78;381.81;370.71;370.99
370.61;379.84;370.22;374.5
375.99;376.86;369.89;371.3
375.93;380.15;368.25;376.2
383.54;384.87;373.55;374.13
403.42;404.71;384.98;387
408.31;411.71;401.86;402.98
395.7;409;393.75;408.8
395.11;397.12;390.05;394.78
397.6;400.68;391.78;394.3
395.03;398.87;392.21;394.75
396.35;401.5;390.88;394.17
401.08;402.49;388.4;394.8
418.47;419.44;398.55;398.9
418.63;425.73;416.3;417.94
422.91;426.91;419.39;420.03
427.74;430.04;423.53;425.97
439.63;441.04;426;427.16
439.4;444.7;436.52;440.5
448.9;450.72;436.17;437.1
411.01;416;408.2;415
412.57;413.64;406.73;410.5
407.93;409.83;401.5;404.24
403.45;412.5;400.84;406.82
408.63;409.76;400.5;402.16
409;411.33;405.19;408.95
416.42;419.1;406.22;409.66
407.08;417.17;405.25;416.38
412.41;412.85;404.02;406.16
406.49;413.89;405.43;411.18
408.2;414.57;402.82;407.99
389.9;404.9;388.14;404.34
389.53;392.47;387.93;389.7
388.74;391.87;384.03;390
389.19;393.5;383.61;388.44
379.94;399;379.51;394.98
371.71;377.86;371.17;377.2
367.09;371.71;365;369.69
368.62;370.09;362.51;365.8
342.35;345.75;340.2;341.89
339.75;344.1;337.5;340.22
350.01;351.66;339.08;339.92
342.34;350.09;341.54;348.19
338.8;341.78;334.93;339.79
348.61;348.75;337.9;338.77
350.77;352.3;340.53;344.5
337.14;352.37;332.62;351.16
340.93;346.1;335.45;337.06
343.5;344.5;331.55;337.5
355.39;358.53;341.5;343
353.93;360.03;350.54;353.88
365.02;368.45;358.15;364.45
380.91;383.4;367.14;368.1
384.3;387.24;375.76;378.18
364.28;381.1;362.2;376.45
368.56;369.45;361.3;364.8
393.2;397.54;338.51;362.62
381.27;391.7;380.28;390.38
377.3;380.07;373.49;377.4
365.61;381.24;365.39;378.07
367.15;368.95;363.86;365.49
366.44;373.54;365.11;366.59
369.86;372.14;363.62;368.75
345.67;367;344.49;366.46
341.27;346;337.83;342.38
345.33;351.69;342.4;343.32
346.64;350.6;341.89;345.7
361.95;364.5;353.14;362.61
371.2;374.4;356.11;358.77
368.48;370.69;354.67;369.08
382.99;383.7;363.35;367.92
385.31;389.9;379.56;385.1
393.62;393.9;372.57;381.55
403.82;406.5;395.98;396.04
389.03;402;387.52;401.78
430.57;439.6;423.97;432.66
429.23;433.28;425;426.82
435;438.22;428.98;433.49
439.54;439.99;423.56;434.27
451.26;454.23;429.22;433
436.03;444.95;434.48;443.03
407.38;428.39;405.73;427.5
438.7;440.03;394.74;399.46
451.17;453.49;433;436.45
447.3;457.36;443.25;444.91
463.06;469.9;462.53;467.11
464.31;466.89;461.61;466.25
473.72;474.99;461.5;463.63
471.27;475.11;469.18;471.63
464.42;470.25;462.04;469.76
466.41;473.4;460.94;466.9
456.87;470.5;453.24;465.66
446;451.55;441.5;451.24
443.9;448.96;439.75;445.24
422.52;435.67;418.22;435.23
417.27;418.21;413.74;414.86
427.98;428.73;419.17;420.15
424.34;427.78;421.26;426.69
431.86;431.86;422.76;424.64
432.15;432.5;428.78;430.93
431.77;432.86;425.93;432.04
433.55;436.86;420.71;426.33
427.86;432.2;424.67;429.74
432.2;446.21;420.11;424.6
425.34;432.5;422.75;430.15
419.11;423.14;416.5;422.55
417.04;419.73;415.49;418.96
412.5;418;411.64;417.49
414.63;415.21;409.95;412.61
415;415.78;408.56;409.2
405.3;410.65;402.64;410.65
406.16;406.7;399.01;404.22
408.7;416.41;401.7;404.54
417;417.5;404.28;405.85
416.94;419.53;413.86;417.7
409.2;415.44;408.29;414.09
404.26;408.45;395.56;404.91
424.46;426.4;402.14;403.54
429.82;431.24;422.44;423.48
425.78;428.75;425.3;428.62
417.04;424.72;415.78;422.86
408.65;417.31;406.23;416.47
399.17;409.98;393.49;409.36
403.49;404.5;399.85;400.21
401.8;403.81;399.53;403.45
396.2;398.85;394.11;398.15
394.38;397;390.95;392.8
392.12;398.22;391.53;396.97
395.12;396.9;388.85;390.4
378.36;391.35;377.43;391.1
386.67;388.29;378.03;379.15
394.25;395.59;388.58;389.9
395.1;397.47;392.15;395.03
389.98;391.79;385.45;390.43
382.41;386.58;381.38;385.95
381.7;385;377.17;379.68
371.86;383.9;369.01;379.38
360.24;374.75;359.51;372.14
355.27;358.95;355.02;358.17
356.6;357.09;351.68;353.06
346.28;356;346.19;355.44
345.78;347.4;342.86;346.91
343.37;349.3;342.19;348.65
345.8;346.43;333;339.9
309.99;311.13;301.21;303.2
304;309.87;303.96;308.7
304.96;307.96;302.74;303.28
297.5;305.2;294.56;305
299.9;300.23;292.54;296.14
302;302;290.68;297.44
305.2;307.19;299;300.97
310.61;312.65;304.86;306.1
313.31;314.82;309.15;310.65
314.79;316.67;310.54;312.99
314.14;314.48;310.09;312.75
312.69;314.9;308;310.71
319.95;321.28;310.74;311
313.63;320.11;312.79;318.68
314.22;317.5;312.29;316.46
306.68;310.72;306.08;309.62
314.22;315.1;305.6;306
314.95;318.41;313.38;313.94
319.5;320.95;312.56;314.28
313;317.21;312.59;315.36
311.5;319.22;310.17;311.37
308.41;313.76;305.96;311.9
306.15;311.3;305.23;307.91
301;306;300.71;303.79
304.02;304.5;299.87;300.2
299.52;306.75;297.91;302.62
308.73;313.28;300.3;303
309;315.53;306.17;311.68
301.75;311.42;301;309.74
297.28;299.1;296.56;299.09
294.83;299.28;293.36;295.39
285.89;295.5;285.28;294.87
289;289.39;286.8;287.11
286.51;289.99;286.44;288.45
285.91;287.5;285;286.25
288.23;288.5;284.36;286
287.39;289.51;285.88;287.27
282.24;289.12;282.24;288.45
283.48;285.02;282.66;283.58
282.55;284;279.97;282.59
277.57;284.75;276.45;282.57
276.16;279.74;274.12;279.58
281.24;281.47;273.35;274.01
280.99;281.45;279.62;280
275.91;280.5;275;279.99
285.51;286.57;284;285.1
284.88;287.79;283.34;285.65
289.8;292.77;283.77;284
283.36;290.2;281.64;289.72
285.89;286.58;280.62;284.05
291.3;292.33;284.88;285.68
291.96;292.68;288.51;291.57
293.6;295.65;290.49;291.25
297.5;298.51;291.31;292.35
295.55;299;295.25;297.73
298;299.72;295.6;297.3
291.6;299.52;291.12;299.19
288.12;292.5;288.1;291.61
292.14;292.84;286.99;287.76
297.41;297.41;293.28;293.5
297.74;298.23;292.4;296.93
295.01;298;292.09;296.09
302.39;303.29;294.96;295.85
306.37;309.25;296.33;302.4
314.05;317.8;311.21;313.94
305.57;312.61;301.8;312
302.1;310.35;301.8;309.9
300;301.9;297.75;299.54
301.24;303.4;299.78;301.19
305.34;306.75;300.07;300.89
292.51;299.24;292.1;298.86
293.39;294.4;290.93;291.78
296.4;296.6;291.02;293.35
296.25;297.5;294.05;296.23
289.39;295.8;288.51;295.54
297.3;297.6;291.38;291.52
292.1;295.98;290.23;295.71
295.04;296.24;289.22;291.25
294.34;298.93;291.04;294.15
302.5;304.38;292.15;292.72
306.28;309.25;302;302
298.9;304.47;293.86;304.1
290.9;298;289.58;297.25
288;294.81;286.5;289.71
289.67;292.32;288.67;289.3
288.07;290.3;284.97;287.84
276.09;287.67;271.73;286.7
279;280.3;275.9;280.3
274.26;278.3;273.07;277.44
275;277.3;267.43;274.8
278.59;281.24;277.75;278.35
279.82;284.19;276.52;282.75
286.99;287.28;280.02;282.5
284.72;288.5;280.56;286.31
292.85;293.19;278;279.56
297.1;299.59;290.3;293.12
282.39;293.75;281.83;290.94
286.79;289.3;277.41;280.26
288.73;289.78;284.6;287.9
283.2;292.89;282.02;288
269.43;278.4;269.37;277.27
260.46;266.05;259.25;266
260.96;263.76;258.3;259.2
252.73;260.98;250.63;260.81
256.96;265.44;253.5;256
243.16;258.1;242.71;255.45
241.21;241.67;239.65;241.61
240.34;241.17;238.27;239.18
233.61;239.97;233.52;239.16
230.56;233.45;230.2;233.13
229.68;231.62;228.57;231.05
229.18;231.09;227.32;229.24
230.81;232.23;228.2;228.72
228.97;231.98;227.93;231.29
225.47;227.8;224.72;227.8
228;228.5;225.43;226.02
228.4;229.25;226.47;228.02
228.62;228.62;225.88;226.98
227.23;229.88;227;228.5
221.85;228.15;221.32;226.19
222.05;223.7;220.21;222.29
221.91;222.25;217.82;220
219.5;222.08;217.71;219.45
217.99;220.85;216.74;219.78
220.22;222;218.29;218.75
217.82;224.74;217.52;223.53
222.9;224;214.26;215.81
200.42;205;199.32;204.22
198.58;200.5;195.91;198.1
189.33;192;188.03;191.4
184.58;187.88;183.49;186.97
190.1;190.34;184.66;185
193.27;194.36;190.1;191.45
193.47;194.32;189.73;192.93
193;194.42;189.41;193.96
193.09;194.8;192.32;193.23
193.69;195.1;191.45;192.05
188.78;194.62;188.64;193.76
189.24;189.65;187.58;189.22
187.73;190.26;187.57;188.57
179.95;185.32;179.84;185.29
181.76;182.95;179.99;180.04
177.95;181.39;177.64;180.51
180.64;181.45;179.6;180.45
181.05;183.28;178.07;179.57
181.68;184.8;180.95;181.42
180.7;180.86;179.2;179.25
177.97;180.24;177.97;178.98
181.18;181.94;177.85;178.6
179.27;182.17;177.25;180.88
178.81;180.4;178.31;180.04
177.13;179.64;175.8;179.29
176.7;178.61;175.01;175.6
175.3;180;174.21;178.61
178.33;178.4;172.57;174.99
180.44;180.95;177.15;177.8
181.01;181.2;177.4;179.98
184.21;184.65;180.16;181.35
189.1;189.85;184.97;185.2
187.78;189.6;187.03;188.81
186.7;187.25;185.07;185.9
186.13;187.75;184.31;187.01
185.95;187.67;184.36;185.18
189.29;189.75;182;186.06
186;189.87;185.85;187.99
189.15;189.92;185.51;185.87
183.37;189.85;182.23;188.89
193.3;194.48;188.66;193.95
196.5;198.9;190.39;191.37
198.51;198.84;196.66;197.95
197.83;199.75;196.81;197.9
194.7;199.33;194.3;198.41
193.6;199.84;193.08;195.23
182.85;193.08;181;192.99
186.66;192.32;186.07;187.4
191.97;192.21;185.25;187.98
200.76;201.6;189.46;191.58
196.96;200.02;194.53;198.64
205.26;206.4;195.51;196.03
206.47;207.75;202.6;204.36
205.99;213.37;205.81;210.86
215.55;216.8;203.66;205.96
194.38;196.66;190.63;191.9
193.69;196.36;191.72;195.62
190.02;194.7;186.34;190.34
188.76;188.86;185.2;188.08
179.27;189.41;179.15;189.24
181.94;182.24;176.29;177.12
188.69;189.33;180.32;180.72
194.54;195.36;188.12;188.28
192.5;196.25;192;193.92
204.65;205.3;196.71;197.3
200.97;205.02;198.66;203.9
196;200.01;194.13;199.97
195.38;197.39;194.05;195.33
194.33;195.93;190.5;195.38
195.62;197.71;193.18;193.54
194.5;198.1;191.83;195.06
190.64;194.25;188.78;193.85
195.08;195.9;187.72;188.55
193.45;196.9;192.23;193.51
201.4;202.93;193.48;194.5
197.4;203.64;195.46;202.71
199.23;199.88;192.56;192.79
192.97;198.23;191.85;197.6
191.78;193.52;191.78;192.9
192.11;193.55;191.01;192.76
189.15;193.3;189.1;191.91
187.45;188.6;186;187.9
183.9;186.85;183.01;186.3
186.31;187.88;183.4;183.75
182;188.46;181.87;185.02
176.76;180.5;176.55;180.08
176.95;180.49;175.95;176.47
177.99;180.69;176.66;179.78
171;178.82;169.6;178.69
172.17;173.18;169.45;170.45
173.43;174.88;171.29;171.65
170.25;173.5;168.47;173.43
170.35;173.68;168.73;169.98
176;176.2;170.55;171.43
179.13;180.7;176.02;176.29
179.95;181.06;177.6;180.4
179.9;181.51;178.55;179.4
181.95;182.5;179.55;179.96
180.71;183;180.25;181.98
180.36;182.95;177.51;181.05
175.8;180.03;175.32;179.39
174.82;177.21;172.51;174.76
167.97;170.83;166.5;167.52
164.47;169.5;161.31;165.1
169.1;169.98;166.52;169.4
170.29;174.42;165.73;167.54
169.02;177.5;169;172.5
177.5;179.47;170.83;172.54
180.45;188.32;178.75;184.87
185.23;189.8;177.4;182
169.13;183.75;167.57;183.02
170.67;172.52;166.33;167.86
174.1;175.2;165.27;168.7
170.93;175.44;169.4;172.55
181.98;182.3;168.55;169.35
188.44;190.4;183.35;184.7
198.18;201.6;190.75;191.67
198.78;199.25;193.34;194.87
193.55;197.67;191.27;196.03
198.89;199.95;190.6;190.64
186.68;194.39;185.6;193.3
182.72;189.52;181.77;185.97
186.34;192.64;180;181.8
176.4;194.43;172.55;187.4
170.54;180.17;164.08;172.43
144.4;150.13;141.62;149.38
148.03;148.99;139.6;140.49
150.5;152.4;147.35;147.94
143.2;149.2;141.21;149.16
144.93;145.5;141.95;144.11
141.01;142.38;138.56;142
143.32;143.55;140.08;140.9
134.44;137.61;133.4;137.4
137;138.86;133.85;135.26
138.72;139.68;137.02;137.73
136.92;139.88;136.55;138.85
137.55;138.45;136;137.08
134.66;138.53;132.24;138.37
135.25;136.87;134.03;135.06
130.8;134.24;128.9;132.58
129.9;132.3;129;129.6
126.7;135.02;126.23;131.08
121.3;127.4;120.21;126.86
119.56;120.88;117.8;118.26
120.94;124.1;119.76;119.83
118.84;122.63;117.02;120.82
117.4;119.67;116.81;118.38
119.81;120.42;117.51;117.84
116.95;121.6;116.77;119.36
114.42;117.49;113.55;117.49
112.34;115.8;111.65;113.97
110.56;114.23;110.2;112
107.45;112;106.79;111.49
106.63;108.41;106.46;107.5
101.6;106.56;101.3;105.33
102.53;102.71;101;102.31
100.74;103.03;100.5;102.3
101.01;102;99.61;101.58
100.95;101.74;99.32;100.01
99.19;102.37;98.94;101.51
102.7;102.97;99.67;100.25
102.3;103.71;102.16;102.37
105.28;105.49;102.01;102.01
108.1;108.62;105.69;106.15
104.95;107.95;104.66;107.91
104.96;108;103.88;106
111.24;111.6;103.57;104.87
110.75;113.48;109.05;109.4
101.01;109.08;100.5;108.31
100;104.06;95.96;100.34
